benchmark_id,model,file,query_id,method,time_generate_ms,time_apply_ms,total_tokens,timestamp,is_correct,iterations
benchmark,claude-sonnet-4,/Users/dhruvbhatia/CODE/misc/morph/coding-agent-bench/corpus/day.tsx,refactor_classnames,morph,7186.697244644165,3276.0729789733887,412,2025-08-19T00:30:20.852073,True,1
benchmark,claude-sonnet-4,/Users/dhruvbhatia/CODE/misc/morph/coding-agent-bench/corpus/day.tsx,extract_constant,morph,8057.161092758179,3094.6249961853027,368,2025-08-19T00:30:21.433031,True,1
benchmark,claude-sonnet-4,/Users/dhruvbhatia/CODE/misc/morph/coding-agent-bench/corpus/day.tsx,day_extract_isOutsideMonth,morph,9866.384267807007,2754.1961669921875,704,2025-08-19T00:30:22.170923,True,1
benchmark,claude-sonnet-4,/Users/dhruvbhatia/CODE/misc/morph/coding-agent-bench/corpus/day.tsx,day_refactor_overlay_renderer,morph,8590.063095092773,3233.3292961120605,441,2025-08-19T00:30:22.394352,True,1
benchmark,claude-opus-4.1,/Users/dhruvbhatia/CODE/misc/morph/coding-agent-bench/corpus/day.tsx,refactor_classnames,morph,17422.539949417114,2518.4621810913086,415,2025-08-19T00:30:29.628425,True,1
benchmark,claude-opus-4,/Users/dhruvbhatia/CODE/misc/morph/coding-agent-bench/corpus/day.tsx,refactor_classnames,morph,21602.44607925415,2499.091863632202,417,2025-08-19T00:30:34.163610,True,1
benchmark,claude-opus-4.1,/Users/dhruvbhatia/CODE/misc/morph/coding-agent-bench/corpus/day.tsx,extract_constant,morph,29686.45477294922,2988.8858795166016,660,2025-08-19T00:30:42.330551,True,1
benchmark,claude-opus-4.1,/Users/dhruvbhatia/CODE/misc/morph/coding-agent-bench/corpus/day.tsx,day_extract_isOutsideMonth,morph,30425.969123840332,3773.2319831848145,684,2025-08-19T00:30:43.589626,True,1
benchmark,claude-opus-4,/Users/dhruvbhatia/CODE/misc/morph/coding-agent-bench/corpus/day.tsx,day_extract_isOutsideMonth,morph,31070.40786743164,3272.429943084717,751,2025-08-19T00:30:43.988513,True,1
benchmark,claude-opus-4,/Users/dhruvbhatia/CODE/misc/morph/coding-agent-bench/corpus/day.tsx,extract_constant,morph,31572.593927383423,3180.027723312378,660,2025-08-19T00:30:44.393829,True,1
benchmark,claude-opus-4.1,/Users/dhruvbhatia/CODE/misc/morph/coding-agent-bench/corpus/day.tsx,day_refactor_overlay_renderer,morph,31276.56102180481,3797.9531288146973,449,2025-08-19T00:30:44.586851,True,1
benchmark,claude-sonnet-4,/Users/dhruvbhatia/CODE/misc/morph/coding-agent-bench/corpus/day.tsx,day_tsdoc_all_methods,morph,70490.86475372314,3775.602102279663,5583,2025-08-19T00:31:24.481262,True,1
benchmark,claude-sonnet-4,/Users/dhruvbhatia/CODE/misc/morph/coding-agent-bench/corpus/day.tsx,day_refactor_overlay_renderer,full_file_generation,60587.85796165466,0,4248,2025-08-19T00:31:27.456661,True,1
benchmark,claude-sonnet-4,/Users/dhruvbhatia/CODE/misc/morph/coding-agent-bench/corpus/day.tsx,refactor_classnames,full_file_generation,65366.986989974976,0,4218,2025-08-19T00:31:27.867303,True,1
benchmark,claude-sonnet-4,/Users/dhruvbhatia/CODE/misc/morph/coding-agent-bench/corpus/day.tsx,extract_constant,full_file_generation,64278.34105491638,0,4218,2025-08-19T00:31:28.564049,True,1
benchmark,claude-sonnet-4,/Users/dhruvbhatia/CODE/misc/morph/coding-agent-bench/corpus/day.tsx,day_extract_isOutsideMonth,full_file_generation,65401.872873306274,0,4226,2025-08-19T00:31:30.143698,True,1
benchmark,claude-opus-4,/Users/dhruvbhatia/CODE/misc/morph/coding-agent-bench/corpus/day.tsx,day_refactor_overlay_renderer,morph,50150.06065368652,2381.608009338379,453,2025-08-19T00:32:22.813316,True,1
benchmark,claude-opus-4.1,/Users/dhruvbhatia/CODE/misc/morph/coding-agent-bench/corpus/day.tsx,day_tsdoc_all_methods,morph,145273.0278968811,3696.181058883667,5223,2025-08-19T00:32:39.217329,True,1
benchmark,gpt-5,/Users/dhruvbhatia/CODE/misc/morph/coding-agent-bench/corpus/day.tsx,refactor_classnames,morph,71537.93406486511,2379.9240589141846,415,2025-08-19T00:32:44.863866,True,1
benchmark,claude-sonnet-4,/Users/dhruvbhatia/CODE/misc/morph/coding-agent-bench/corpus/day.tsx,day_tsdoc_all_methods,full_file_generation,81624.90701675415,0,5471,2025-08-19T00:32:48.524125,True,1
benchmark,claude-opus-4.1,/Users/dhruvbhatia/CODE/misc/morph/coding-agent-bench/corpus/day.tsx,refactor_classnames,full_file_generation,143722.54014015198,0,4216,2025-08-19T00:32:55.314596,True,1
benchmark,claude-opus-4.1,/Users/dhruvbhatia/CODE/misc/morph/coding-agent-bench/corpus/day.tsx,extract_constant,full_file_generation,139504.30011749268,0,4218,2025-08-19T00:33:03.777520,True,1
benchmark,claude-opus-4.1,/Users/dhruvbhatia/CODE/misc/morph/coding-agent-bench/corpus/day.tsx,day_refactor_overlay_renderer,full_file_generation,139461.6150856018,0,4248,2025-08-19T00:33:05.637566,True,1
benchmark,claude-opus-4.1,/Users/dhruvbhatia/CODE/misc/morph/coding-agent-bench/corpus/day.tsx,day_extract_isOutsideMonth,full_file_generation,161615.08679389954,0,4237,2025-08-19T00:33:27.186720,True,1
benchmark,gpt-o3,/Users/dhruvbhatia/CODE/misc/morph/coding-agent-bench/corpus/day.tsx,refactor_classnames,morph,18687.006950378418,3415.7230854034424,720,2025-08-19T00:33:30.036561,True,1
benchmark,gpt-5,/Users/dhruvbhatia/CODE/misc/morph/coding-agent-bench/corpus/day.tsx,day_refactor_overlay_renderer,morph,33203.52387428284,2361.231803894043,273,2025-08-19T00:33:33.449067,True,1
benchmark,gpt-5,/Users/dhruvbhatia/CODE/misc/morph/coding-agent-bench/corpus/day.tsx,extract_constant,morph,55321.25282287598,2523.4601497650146,598,2025-08-19T00:33:48.505159,True,1
benchmark,gpt-o3,/Users/dhruvbhatia/CODE/misc/morph/coding-agent-bench/corpus/day.tsx,day_tsdoc_all_methods,morph,19635.637044906616,5088.618993759155,578,2025-08-19T00:33:53.598164,True,1
benchmark,gpt-5,/Users/dhruvbhatia/CODE/misc/morph/coding-agent-bench/corpus/day.tsx,refactor_classnames,full_file_generation,105255.73682785034,0,4213,2025-08-19T00:34:32.608105,True,1
benchmark,gpt-o3,/Users/dhruvbhatia/CODE/misc/morph/coding-agent-bench/corpus/day.tsx,refactor_classnames,full_file_generation,69567.22092628479,0,4227,2025-08-19T00:34:41.398029,True,1
benchmark,gpt-o3,/Users/dhruvbhatia/CODE/misc/morph/coding-agent-bench/corpus/day.tsx,extract_constant,morph,17953.510999679565,3141.8912410736084,149,2025-08-19T00:34:55.426674,True,1
benchmark,gpt-5,/Users/dhruvbhatia/CODE/misc/morph/coding-agent-bench/corpus/day.tsx,day_tsdoc_all_methods,morph,202167.91105270386,3990.946054458618,6488,2025-08-19T00:34:58.547422,True,1
benchmark,gpt-5,/Users/dhruvbhatia/CODE/misc/morph/coding-agent-bench/corpus/day.tsx,day_extract_isOutsideMonth,morph,208278.82862091064,3350.6579399108887,5033,2025-08-19T00:35:01.169977,True,1
benchmark,gpt-o3,/Users/dhruvbhatia/CODE/misc/morph/coding-agent-bench/corpus/day.tsx,day_extract_isOutsideMonth,morph,116136.98601722717,3415.2591228485107,591,2025-08-19T00:35:04.971366,True,1
benchmark,gpt-o3,/Users/dhruvbhatia/CODE/misc/morph/coding-agent-bench/corpus/day.tsx,day_refactor_overlay_renderer,morph,21307.52205848694,2412.141799926758,292,2025-08-19T00:35:06.848185,True,1
benchmark,claude-opus-4,/Users/dhruvbhatia/CODE/misc/morph/coding-agent-bench/corpus/day.tsx,refactor_classnames,full_file_generation,283510.7536315918,0,4218,2025-08-19T00:35:19.560231,True,1
benchmark,gpt-5,/Users/dhruvbhatia/CODE/misc/morph/coding-agent-bench/corpus/day.tsx,extract_constant,full_file_generation,91260.0109577179,0,4214,2025-08-19T00:35:21.513970,True,1
benchmark,gpt-o3,/Users/dhruvbhatia/CODE/misc/morph/coding-agent-bench/corpus/day.tsx,day_tsdoc_all_methods,full_file_generation,87465.06786346436,0,5787,2025-08-19T00:35:23.349858,True,1
benchmark,claude-opus-4,/Users/dhruvbhatia/CODE/misc/morph/coding-agent-bench/corpus/day.tsx,day_extract_isOutsideMonth,full_file_generation,278141.5979862213,0,4226,2025-08-19T00:35:23.837722,True,1
benchmark,claude-sonnet-4,/Users/dhruvbhatia/CODE/misc/morph/coding-agent-bench/corpus/Canvas.ts,fix_setStyle_key_collection,morph,4543.393135070801,2791.679859161377,147,2025-08-19T00:35:29.124469,True,1
benchmark,claude-opus-4.1,/Users/dhruvbhatia/CODE/misc/morph/coding-agent-bench/corpus/day.tsx,day_tsdoc_all_methods,full_file_generation,167813.6169910431,0,5374,2025-08-19T00:35:29.134152,True,1
benchmark,gpt-5,/Users/dhruvbhatia/CODE/misc/morph/coding-agent-bench/corpus/day.tsx,day_refactor_overlay_renderer,full_file_generation,117292.36602783203,0,4238,2025-08-19T00:35:32.801341,True,1
benchmark,claude-opus-4,/Users/dhruvbhatia/CODE/misc/morph/coding-agent-bench/corpus/day.tsx,extract_constant,full_file_generation,286884.4349384308,0,4218,2025-08-19T00:35:33.587503,True,1
benchmark,claude-sonnet-4,/Users/dhruvbhatia/CODE/misc/morph/coding-agent-bench/corpus/Canvas.ts,refactor_setStyle_diff_and_return,morph,8255.5570602417,2659.3968868255615,426,2025-08-19T00:35:34.334502,True,1
benchmark,claude-sonnet-4,/Users/dhruvbhatia/CODE/misc/morph/coding-agent-bench/corpus/Canvas.ts,extract_paint_helpers,morph,5818.305730819702,3192.206859588623,294,2025-08-19T00:35:34.680731,True,1
benchmark,claude-sonnet-4,/Users/dhruvbhatia/CODE/misc/morph/coding-agent-bench/corpus/Canvas.ts,extract_important_constant,morph,10751.913070678711,3288.5830402374268,450,2025-08-19T00:35:39.284406,True,1
benchmark,claude-sonnet-4,/Users/dhruvbhatia/CODE/misc/morph/coding-agent-bench/corpus/Canvas.ts,refactor_applyPreDrawUpdaters,morph,7646.976947784424,3346.583127975464,469,2025-08-19T00:35:42.013890,True,1
benchmark,claude-opus-4.1,/Users/dhruvbhatia/CODE/misc/morph/coding-agent-bench/corpus/Canvas.ts,fix_setStyle_key_collection,morph,13333.81199836731,2632.1020126342773,348,2025-08-19T00:35:50.513828,True,1
benchmark,claude-opus-4,/Users/dhruvbhatia/CODE/misc/morph/coding-agent-bench/corpus/day.tsx,day_tsdoc_all_methods,morph,354112.6027107239,3671.8647480010986,6340,2025-08-19T00:36:07.981930,True,1
benchmark,gpt-o3,/Users/dhruvbhatia/CODE/misc/morph/coding-agent-bench/corpus/day.tsx,extract_constant,full_file_generation,80249.37510490417,0,4214,2025-08-19T00:36:17.342722,True,1
benchmark,gpt-o3,/Users/dhruvbhatia/CODE/misc/morph/coding-agent-bench/corpus/day.tsx,day_refactor_overlay_renderer,full_file_generation,82967.95701980591,0,4253,2025-08-19T00:36:32.253610,True,1
benchmark,claude-sonnet-4,/Users/dhruvbhatia/CODE/misc/morph/coding-agent-bench/corpus/Canvas.ts,fix_setStyle_key_collection,full_file_generation,66938.71426582336,0,4771,2025-08-19T00:36:38.518599,True,1
benchmark,claude-opus-4.1,/Users/dhruvbhatia/CODE/misc/morph/coding-agent-bench/corpus/Canvas.ts,extract_important_constant,morph,18245.52869796753,3242.830991744995,497,2025-08-19T00:36:40.848995,True,1
benchmark,gpt-o3,/Users/dhruvbhatia/CODE/misc/morph/coding-agent-bench/corpus/day.tsx,day_extract_isOutsideMonth,full_file_generation,93834.86104011536,0,4241,2025-08-19T00:36:41.042011,True,1
benchmark,claude-sonnet-4,/Users/dhruvbhatia/CODE/misc/morph/coding-agent-bench/corpus/Canvas.ts,extract_paint_helpers,full_file_generation,70238.05284500122,0,4836,2025-08-19T00:36:46.660412,True,1
benchmark,claude-opus-4.1,/Users/dhruvbhatia/CODE/misc/morph/coding-agent-bench/corpus/Canvas.ts,refactor_setStyle_diff_and_return,morph,69465.58022499084,2556.8339824676514,958,2025-08-19T00:36:47.575331,True,1
benchmark,claude-sonnet-4,/Users/dhruvbhatia/CODE/misc/morph/coding-agent-bench/corpus/Canvas.ts,extract_important_constant,full_file_generation,68240.09203910828,0,4786,2025-08-19T00:36:50.049911,True,1
benchmark,claude-opus-4.1,/Users/dhruvbhatia/CODE/misc/morph/coding-agent-bench/corpus/Canvas.ts,extract_paint_helpers,morph,12965.018033981323,3005.8538913726807,323,2025-08-19T00:36:50.131577,True,1
benchmark,claude-sonnet-4,/Users/dhruvbhatia/CODE/misc/morph/coding-agent-bench/corpus/Canvas.ts,refactor_setStyle_diff_and_return,full_file_generation,76133.8140964508,0,5129,2025-08-19T00:36:52.643115,True,1
benchmark,claude-sonnet-4,/Users/dhruvbhatia/CODE/misc/morph/coding-agent-bench/corpus/Canvas.ts,refactor_applyPreDrawUpdaters,full_file_generation,73406.80170059204,0,4938,2025-08-19T00:36:57.112808,True,1
benchmark,claude-opus-4,/Users/dhruvbhatia/CODE/misc/morph/coding-agent-bench/corpus/day.tsx,day_refactor_overlay_renderer,full_file_generation,273649.04713630676,0,4248,2025-08-19T00:36:58.101662,True,1
benchmark,claude-opus-4,/Users/dhruvbhatia/CODE/misc/morph/coding-agent-bench/corpus/Canvas.ts,fix_setStyle_key_collection,morph,15235.064029693604,3131.9949626922607,154,2025-08-19T00:37:01.391497,True,1
benchmark,claude-opus-4.1,/Users/dhruvbhatia/CODE/misc/morph/coding-agent-bench/corpus/Canvas.ts,refactor_applyPreDrawUpdaters,morph,18317.58999824524,3139.699935913086,544,2025-08-19T00:37:01.744311,True,1
benchmark,claude-opus-4,/Users/dhruvbhatia/CODE/misc/morph/coding-agent-bench/corpus/Canvas.ts,extract_important_constant,morph,20735.00967025757,3139.394998550415,187,2025-08-19T00:37:15.704051,True,1
benchmark,gpt-5,/Users/dhruvbhatia/CODE/misc/morph/coding-agent-bench/corpus/Canvas.ts,fix_setStyle_key_collection,morph,15541.009187698364,2591.219902038574,301,2025-08-19T00:37:18.091897,True,1
benchmark,claude-opus-4,/Users/dhruvbhatia/CODE/misc/morph/coding-agent-bench/corpus/Canvas.ts,extract_paint_helpers,morph,29433.163166046143,2672.677993774414,378,2025-08-19T00:37:26.575065,True,1
benchmark,claude-opus-4,/Users/dhruvbhatia/CODE/misc/morph/coding-agent-bench/corpus/Canvas.ts,refactor_applyPreDrawUpdaters,morph,40202.64768600464,2736.530303955078,551,2025-08-19T00:37:42.650695,True,1
benchmark,gpt-5,/Users/dhruvbhatia/CODE/misc/morph/coding-agent-bench/corpus/day.tsx,day_tsdoc_all_methods,full_file_generation,186217.66185760498,0,6253,2025-08-19T00:38:07.500481,True,1
benchmark,gpt-5,/Users/dhruvbhatia/CODE/misc/morph/coding-agent-bench/corpus/day.tsx,day_extract_isOutsideMonth,full_file_generation,184681.25677108765,0,4267,2025-08-19T00:38:07.748358,True,1
benchmark,gpt-5,/Users/dhruvbhatia/CODE/misc/morph/coding-agent-bench/corpus/Canvas.ts,extract_important_constant,morph,25451.10011100769,2804.5177459716797,444,2025-08-19T00:38:38.021618,True,1
benchmark,claude-opus-4.1,/Users/dhruvbhatia/CODE/misc/morph/coding-agent-bench/corpus/Canvas.ts,extract_important_constant,full_file_generation,149309.8108768463,0,4786,2025-08-19T00:39:11.985721,True,1
benchmark,gpt-5,/Users/dhruvbhatia/CODE/misc/morph/coding-agent-bench/corpus/Canvas.ts,fix_setStyle_key_collection,full_file_generation,116457.60798454285,0,4767,2025-08-19T00:39:16.386474,True,1
benchmark,claude-opus-4.1,/Users/dhruvbhatia/CODE/misc/morph/coding-agent-bench/corpus/Canvas.ts,fix_setStyle_key_collection,full_file_generation,215419.1060066223,0,4771,2025-08-19T00:39:27.853731,True,1
benchmark,claude-opus-4.1,/Users/dhruvbhatia/CODE/misc/morph/coding-agent-bench/corpus/Canvas.ts,refactor_setStyle_diff_and_return,full_file_generation,158772.6731300354,0,5160,2025-08-19T00:39:28.356326,True,1
benchmark,claude-opus-4,/Users/dhruvbhatia/CODE/misc/morph/coding-agent-bench/corpus/Canvas.ts,refactor_setStyle_diff_and_return,morph,163153.48887443542,2743.7491416931152,930,2025-08-19T00:39:34.566490,True,1
benchmark,gpt-o3,/Users/dhruvbhatia/CODE/misc/morph/coding-agent-bench/corpus/Canvas.ts,fix_setStyle_key_collection,morph,11912.83893585205,3081.5820693969727,133,2025-08-19T00:39:44.649915,True,1
benchmark,claude-opus-4.1,/Users/dhruvbhatia/CODE/misc/morph/coding-agent-bench/corpus/Canvas.ts,refactor_applyPreDrawUpdaters,full_file_generation,168366.5108680725,0,4922,2025-08-19T00:39:51.967602,True,1
benchmark,gpt-5,/Users/dhruvbhatia/CODE/misc/morph/coding-agent-bench/corpus/Canvas.ts,refactor_applyPreDrawUpdaters,morph,36752.9022693634,2816.072940826416,562,2025-08-19T00:39:57.940557,True,1
benchmark,gpt-5,/Users/dhruvbhatia/CODE/misc/morph/coding-agent-bench/corpus/Canvas.ts,extract_important_constant,full_file_generation,89930.94205856323,0,4782,2025-08-19T00:40:09.888609,True,1
benchmark,gpt-5,/Users/dhruvbhatia/CODE/misc/morph/coding-agent-bench/corpus/Canvas.ts,extract_paint_helpers,morph,52701.13515853882,3318.4549808502197,417,2025-08-19T00:40:10.085067,True,1
benchmark,gpt-o3,/Users/dhruvbhatia/CODE/misc/morph/coding-agent-bench/corpus/Canvas.ts,extract_important_constant,morph,14902.894258499146,3144.6468830108643,137,2025-08-19T00:40:11.714992,True,1
benchmark,gpt-o3,/Users/dhruvbhatia/CODE/misc/morph/coding-agent-bench/corpus/Canvas.ts,extract_paint_helpers,morph,27765.488862991333,2721.665143966675,347,2025-08-19T00:40:42.502281,True,1
benchmark,gpt-o3,/Users/dhruvbhatia/CODE/misc/morph/coding-agent-bench/corpus/Canvas.ts,fix_setStyle_key_collection,full_file_generation,75995.5267906189,0,4767,2025-08-19T00:41:03.135181,True,1
benchmark,gpt-o3,/Users/dhruvbhatia/CODE/misc/morph/coding-agent-bench/corpus/Canvas.ts,refactor_setStyle_diff_and_return,morph,106712.73398399353,4717.583894729614,1563,2025-08-19T00:41:23.281863,True,1
benchmark,gpt-o3,/Users/dhruvbhatia/CODE/misc/morph/coding-agent-bench/corpus/Canvas.ts,extract_important_constant,full_file_generation,77830.08098602295,0,4782,2025-08-19T00:41:31.444493,True,1
benchmark,gpt-o3,/Users/dhruvbhatia/CODE/misc/morph/coding-agent-bench/corpus/Canvas.ts,refactor_applyPreDrawUpdaters,morph,28769.03200149536,2782.052755355835,587,2025-08-19T00:41:36.996154,True,1
benchmark,claude-sonnet-4,/Users/dhruvbhatia/CODE/misc/morph/coding-agent-bench/corpus/subgraph_rewriter.py,sr_gm_optional_signature_and_guard,morph,6654.369831085205,2065.2987957000732,174,2025-08-19T00:41:42.319920,True,1
benchmark,claude-opus-4,/Users/dhruvbhatia/CODE/misc/morph/coding-agent-bench/corpus/day.tsx,day_tsdoc_all_methods,full_file_generation,360408.34403038025,0,5554,2025-08-19T00:42:10.493940,True,1
benchmark,gpt-o3,/Users/dhruvbhatia/CODE/misc/morph/coding-agent-bench/corpus/Canvas.ts,extract_paint_helpers,full_file_generation,89413.39898109436,0,4873,2025-08-19T00:42:13.802265,True,1
benchmark,claude-sonnet-4,/Users/dhruvbhatia/CODE/misc/morph/coding-agent-bench/corpus/subgraph_rewriter.py,sr_extract_try_get_attr_helper,morph,6035.892963409424,2070.5060958862305,254,2025-08-19T00:42:20.162206,True,1
benchmark,gpt-5,/Users/dhruvbhatia/CODE/misc/morph/coding-agent-bench/corpus/Canvas.ts,refactor_setStyle_diff_and_return,morph,251223.88195991516,2152.5580883026123,6167,2025-08-19T00:42:22.820945,True,1
benchmark,gpt-5,/Users/dhruvbhatia/CODE/misc/morph/coding-agent-bench/corpus/Canvas.ts,refactor_applyPreDrawUpdaters,full_file_generation,143127.7940273285,0,4928,2025-08-19T00:42:23.127803,True,1
benchmark,claude-sonnet-4,/Users/dhruvbhatia/CODE/misc/morph/coding-agent-bench/corpus/subgraph_rewriter.py,sr_fix_runtimeerror_message,morph,4871.070384979248,2038.959264755249,130,2025-08-19T00:42:31.751863,True,1
benchmark,claude-sonnet-4,/Users/dhruvbhatia/CODE/misc/morph/coding-agent-bench/corpus/subgraph_rewriter.py,sr_extract_graph_from_input_helper,morph,17488.234996795654,2436.108112335205,1876,2025-08-19T00:42:35.142313,True,1
benchmark,gpt-5,/Users/dhruvbhatia/CODE/misc/morph/coding-agent-bench/corpus/Canvas.ts,extract_paint_helpers,full_file_generation,144279.52313423157,0,4839,2025-08-19T00:42:36.408305,True,1
benchmark,claude-sonnet-4,/Users/dhruvbhatia/CODE/misc/morph/coding-agent-bench/corpus/subgraph_rewriter.py,sr_gm_optional_signature_and_guard,full_file_generation,61771.02994918823,0,3557,2025-08-19T00:42:45.519713,True,1
benchmark,claude-sonnet-4,/Users/dhruvbhatia/CODE/misc/morph/coding-agent-bench/corpus/subgraph_rewriter.py,sr_typing_backports,morph,10269.88697052002,2276.5769958496094,817,2025-08-19T00:42:50.381412,True,1
benchmark,claude-opus-4,/Users/dhruvbhatia/CODE/misc/morph/coding-agent-bench/corpus/Canvas.ts,extract_important_constant,full_file_generation,339960.71004867554,0,4786,2025-08-19T00:42:57.501782,True,1
benchmark,claude-opus-4.1,/Users/dhruvbhatia/CODE/misc/morph/coding-agent-bench/corpus/subgraph_rewriter.py,sr_gm_optional_signature_and_guard,morph,11184.289693832397,2074.817657470703,187,2025-08-19T00:43:00.448711,True,1
benchmark,gpt-o3,/Users/dhruvbhatia/CODE/misc/morph/coding-agent-bench/corpus/Canvas.ts,refactor_applyPreDrawUpdaters,full_file_generation,82118.4937953949,0,4965,2025-08-19T00:43:01.077951,True,1
benchmark,claude-opus-4.1,/Users/dhruvbhatia/CODE/misc/morph/coding-agent-bench/corpus/subgraph_rewriter.py,sr_extract_try_get_attr_helper,morph,12186.99026107788,2040.8172607421875,296,2025-08-19T00:43:13.306882,True,1
benchmark,gpt-o3,/Users/dhruvbhatia/CODE/misc/morph/coding-agent-bench/corpus/Canvas.ts,refactor_setStyle_diff_and_return,full_file_generation,117103.67584228516,0,4990,2025-08-19T00:43:22.452813,True,1
benchmark,claude-sonnet-4,/Users/dhruvbhatia/CODE/misc/morph/coding-agent-bench/corpus/subgraph_rewriter.py,sr_extract_try_get_attr_helper,full_file_generation,61426.97596549988,0,3495,2025-08-19T00:43:22.981085,True,1
benchmark,claude-opus-4.1,/Users/dhruvbhatia/CODE/misc/morph/coding-agent-bench/corpus/subgraph_rewriter.py,sr_extract_graph_from_input_helper,morph,20752.761125564575,2107.6927185058594,558,2025-08-19T00:43:25.764439,True,1
benchmark,claude-sonnet-4,/Users/dhruvbhatia/CODE/misc/morph/coding-agent-bench/corpus/subgraph_rewriter.py,sr_fix_runtimeerror_message,full_file_generation,55024.02687072754,0,3495,2025-08-19T00:43:28.124580,True,1
benchmark,claude-opus-4.1,/Users/dhruvbhatia/CODE/misc/morph/coding-agent-bench/corpus/subgraph_rewriter.py,sr_fix_runtimeerror_message,morph,9992.056131362915,2011.613130569458,140,2025-08-19T00:43:36.162898,True,1
benchmark,claude-opus-4,/Users/dhruvbhatia/CODE/misc/morph/coding-agent-bench/corpus/Canvas.ts,refactor_applyPreDrawUpdaters,full_file_generation,357689.090013504,0,4922,2025-08-19T00:43:42.816256,True,1
benchmark,claude-sonnet-4,/Users/dhruvbhatia/CODE/misc/morph/coding-agent-bench/corpus/subgraph_rewriter.py,sr_extract_graph_from_input_helper,full_file_generation,65753.50403785706,0,3740,2025-08-19T00:43:43.124665,True,1
benchmark,claude-opus-4,/Users/dhruvbhatia/CODE/misc/morph/coding-agent-bench/corpus/Canvas.ts,fix_setStyle_key_collection,full_file_generation,403793.43605041504,0,4771,2025-08-19T00:43:46.972426,True,1
benchmark,claude-sonnet-4,/Users/dhruvbhatia/CODE/misc/morph/coding-agent-bench/corpus/subgraph_rewriter.py,sr_typing_backports,full_file_generation,58352.69498825073,0,3497,2025-08-19T00:43:50.771463,True,1
benchmark,claude-opus-4.1,/Users/dhruvbhatia/CODE/misc/morph/coding-agent-bench/corpus/subgraph_rewriter.py,sr_typing_backports,morph,24921.591997146606,2377.8529167175293,889,2025-08-19T00:43:51.794268,True,1
benchmark,claude-opus-4,/Users/dhruvbhatia/CODE/misc/morph/coding-agent-bench/corpus/subgraph_rewriter.py,sr_gm_optional_signature_and_guard,morph,19932.127952575684,2081.853151321411,229,2025-08-19T00:43:52.019952,True,1
benchmark,claude-opus-4,/Users/dhruvbhatia/CODE/misc/morph/coding-agent-bench/corpus/subgraph_rewriter.py,sr_extract_try_get_attr_helper,morph,29673.21515083313,2053.335189819336,322,2025-08-19T00:44:16.382926,True,1
benchmark,claude-opus-4.1,/Users/dhruvbhatia/CODE/misc/morph/coding-agent-bench/corpus/Canvas.ts,extract_paint_helpers,full_file_generation,458784.6577167511,0,4834,2025-08-19T00:44:31.198925,True,1
benchmark,claude-opus-4,/Users/dhruvbhatia/CODE/misc/morph/coding-agent-bench/corpus/subgraph_rewriter.py,sr_extract_graph_from_input_helper,morph,47842.91672706604,2284.1269969940186,608,2025-08-19T00:44:34.704610,True,1
benchmark,claude-opus-4.1,/Users/dhruvbhatia/CODE/misc/morph/coding-agent-bench/corpus/subgraph_rewriter.py,sr_gm_optional_signature_and_guard,full_file_generation,106837.84127235413,0,3552,2025-08-19T00:44:48.915412,True,1
benchmark,claude-opus-4.1,/Users/dhruvbhatia/CODE/misc/morph/coding-agent-bench/corpus/subgraph_rewriter.py,sr_extract_try_get_attr_helper,full_file_generation,99450.18911361694,0,3500,2025-08-19T00:44:54.230439,True,1
benchmark,claude-opus-4,/Users/dhruvbhatia/CODE/misc/morph/coding-agent-bench/corpus/subgraph_rewriter.py,sr_typing_backports,morph,67063.82894515991,2252.690315246582,1027,2025-08-19T00:45:01.414439,True,1
benchmark,gpt-5,/Users/dhruvbhatia/CODE/misc/morph/coding-agent-bench/corpus/subgraph_rewriter.py,sr_gm_optional_signature_and_guard,morph,34999.85098838806,2699.073076248169,221,2025-08-19T00:45:10.517710,True,1
benchmark,claude-opus-4,/Users/dhruvbhatia/CODE/misc/morph/coding-agent-bench/corpus/subgraph_rewriter.py,sr_fix_runtimeerror_message,morph,80311.42091751099,2389.4810676574707,133,2025-08-19T00:45:11.670644,True,1
benchmark,claude-opus-4.1,/Users/dhruvbhatia/CODE/misc/morph/coding-agent-bench/corpus/subgraph_rewriter.py,sr_extract_graph_from_input_helper,full_file_generation,107737.36691474915,0,3610,2025-08-19T00:45:15.381970,True,1
benchmark,claude-opus-4.1,/Users/dhruvbhatia/CODE/misc/morph/coding-agent-bench/corpus/subgraph_rewriter.py,sr_fix_runtimeerror_message,full_file_generation,107794.00968551636,0,3495,2025-08-19T00:45:25.319522,True,1
benchmark,claude-opus-4,/Users/dhruvbhatia/CODE/misc/morph/coding-agent-bench/corpus/Canvas.ts,refactor_setStyle_diff_and_return,full_file_generation,351545.28307914734,0,4965,2025-08-19T00:45:28.074174,True,1
benchmark,claude-opus-4.1,/Users/dhruvbhatia/CODE/misc/morph/coding-agent-bench/corpus/subgraph_rewriter.py,sr_typing_backports,full_file_generation,109801.63788795471,0,3502,2025-08-19T00:45:43.465909,True,1
benchmark,gpt-5,/Users/dhruvbhatia/CODE/misc/morph/coding-agent-bench/corpus/subgraph_rewriter.py,sr_fix_runtimeerror_message,morph,32329.72502708435,2000.3609657287598,135,2025-08-19T00:45:53.201899,True,1
benchmark,gpt-5,/Users/dhruvbhatia/CODE/misc/morph/coding-agent-bench/corpus/subgraph_rewriter.py,sr_extract_try_get_attr_helper,morph,60799.2787361145,2122.127056121826,201,2025-08-19T00:45:54.157643,True,1
benchmark,gpt-o3,/Users/dhruvbhatia/CODE/misc/morph/coding-agent-bench/corpus/subgraph_rewriter.py,sr_gm_optional_signature_and_guard,morph,22214.24889564514,2299.283981323242,236,2025-08-19T00:45:54.456979,True,1
benchmark,gpt-o3,/Users/dhruvbhatia/CODE/misc/morph/coding-agent-bench/corpus/subgraph_rewriter.py,sr_extract_try_get_attr_helper,morph,26805.620908737183,2957.538843154907,445,2025-08-19T00:46:14.651960,True,1
benchmark,gpt-5,/Users/dhruvbhatia/CODE/misc/morph/coding-agent-bench/corpus/subgraph_rewriter.py,sr_typing_backports,morph,78373.8260269165,2366.297960281372,684,2025-08-19T00:46:48.012963,True,1
benchmark,gpt-5,/Users/dhruvbhatia/CODE/misc/morph/coding-agent-bench/corpus/Canvas.ts,refactor_setStyle_diff_and_return,full_file_generation,266875.60200691223,0,4985,2025-08-19T00:46:51.646470,True,1
benchmark,gpt-5,/Users/dhruvbhatia/CODE/misc/morph/coding-agent-bench/corpus/subgraph_rewriter.py,sr_gm_optional_signature_and_guard,full_file_generation,99363.75284194946,0,3535,2025-08-19T00:46:51.764409,True,1
benchmark,gpt-o3,/Users/dhruvbhatia/CODE/misc/morph/coding-agent-bench/corpus/subgraph_rewriter.py,sr_gm_optional_signature_and_guard,full_file_generation,55914.17908668518,0,3588,2025-08-19T00:46:51.927212,True,1
benchmark,gpt-o3,/Users/dhruvbhatia/CODE/misc/morph/coding-agent-bench/corpus/subgraph_rewriter.py,sr_extract_try_get_attr_helper,full_file_generation,48253.58533859253,0,3563,2025-08-19T00:47:04.303264,True,1
benchmark,gpt-o3,/Users/dhruvbhatia/CODE/misc/morph/coding-agent-bench/corpus/subgraph_rewriter.py,sr_fix_runtimeerror_message,morph,22089.842081069946,2393.918037414551,109,2025-08-19T00:47:17.683348,True,1
benchmark,claude-sonnet-4,/Users/dhruvbhatia/CODE/misc/morph/coding-agent-bench/corpus/QueryExecution.scala,qe_method_lazyAnalyzed,morph,10197.656869888306,3038.9249324798584,319,2025-08-19T00:47:19.632069,True,1
benchmark,gpt-5,/Users/dhruvbhatia/CODE/misc/morph/coding-agent-bench/corpus/subgraph_rewriter.py,sr_fix_runtimeerror_message,full_file_generation,98683.26115608215,0,3491,2025-08-19T00:47:33.134705,True,1
benchmark,gpt-o3,/Users/dhruvbhatia/CODE/misc/morph/coding-agent-bench/corpus/subgraph_rewriter.py,sr_extract_graph_from_input_helper,morph,37692.05331802368,2666.7792797088623,563,2025-08-19T00:47:33.368803,True,1
benchmark,gpt-5,/Users/dhruvbhatia/CODE/misc/morph/coding-agent-bench/corpus/subgraph_rewriter.py,sr_extract_graph_from_input_helper,morph,163115.7169342041,2283.001184463501,4009,2025-08-19T00:47:41.116516,True,1
benchmark,claude-sonnet-4,/Users/dhruvbhatia/CODE/misc/morph/coding-agent-bench/corpus/QueryExecution.scala,qe_refactor_explainString_delegate,morph,8920.182943344116,3192.0230388641357,446,2025-08-19T00:47:47.294714,True,1
benchmark,gpt-5,/Users/dhruvbhatia/CODE/misc/morph/coding-agent-bench/corpus/subgraph_rewriter.py,sr_extract_try_get_attr_helper,full_file_generation,114500.22673606873,0,3492,2025-08-19T00:47:50.167393,True,1
benchmark,gpt-o3,/Users/dhruvbhatia/CODE/misc/morph/coding-agent-bench/corpus/subgraph_rewriter.py,sr_typing_backports,morph,59090.1038646698,2792.541980743408,571,2025-08-19T00:47:55.226302,True,1
benchmark,claude-opus-4,/Users/dhruvbhatia/CODE/misc/morph/coding-agent-bench/corpus/subgraph_rewriter.py,sr_gm_optional_signature_and_guard,full_file_generation,243245.67818641663,0,3541,2025-08-19T00:47:57.788677,True,1
benchmark,claude-sonnet-4,/Users/dhruvbhatia/CODE/misc/morph/coding-agent-bench/corpus/QueryExecution.scala,qe_assertSupported_refactor_and_flag_shortcircuit,morph,5893.491983413696,3121.340274810791,108,2025-08-19T00:48:01.248453,True,1
benchmark,claude-opus-4,/Users/dhruvbhatia/CODE/misc/morph/coding-agent-bench/corpus/subgraph_rewriter.py,sr_extract_graph_from_input_helper,full_file_generation,208747.9920387268,0,3506,2025-08-19T00:48:05.173616,True,1
benchmark,claude-opus-4,/Users/dhruvbhatia/CODE/misc/morph/coding-agent-bench/corpus/subgraph_rewriter.py,sr_extract_try_get_attr_helper,full_file_generation,229578.8290500641,0,3500,2025-08-19T00:48:07.603221,True,1
benchmark,gpt-o3,/Users/dhruvbhatia/CODE/misc/morph/coding-agent-bench/corpus/subgraph_rewriter.py,sr_fix_runtimeerror_message,full_file_generation,53590.69514274597,0,3487,2025-08-19T00:48:12.758159,True,1
benchmark,claude-sonnet-4,/Users/dhruvbhatia/CODE/misc/morph/coding-agent-bench/corpus/QueryExecution.scala,qe_introduce_withPhase_helper,morph,6703.427076339722,3102.6501655578613,131,2025-08-19T00:48:17.222841,True,1
benchmark,claude-sonnet-4,/Users/dhruvbhatia/CODE/misc/morph/coding-agent-bench/corpus/QueryExecution.scala,qe_extract_append_section_helper,morph,14129.355907440186,3262.310743331909,839,2025-08-19T00:48:17.481703,True,1
benchmark,claude-opus-4,/Users/dhruvbhatia/CODE/misc/morph/coding-agent-bench/corpus/subgraph_rewriter.py,sr_typing_backports,full_file_generation,198803.55286598206,0,3502,2025-08-19T00:48:21.749415,True,1
benchmark,claude-opus-4.1,/Users/dhruvbhatia/CODE/misc/morph/coding-agent-bench/corpus/QueryExecution.scala,qe_method_lazyAnalyzed,morph,14996.759176254272,3858.0479621887207,351,2025-08-19T00:48:28.464382,True,1
benchmark,gpt-o3,/Users/dhruvbhatia/CODE/misc/morph/coding-agent-bench/corpus/subgraph_rewriter.py,sr_extract_graph_from_input_helper,full_file_generation,55282.36198425293,0,2523,2025-08-19T00:48:30.351652,True,1
benchmark,claude-opus-4.1,/Users/dhruvbhatia/CODE/misc/morph/coding-agent-bench/corpus/QueryExecution.scala,qe_assertSupported_refactor_and_flag_shortcircuit,morph,12254.438877105713,3067.4898624420166,114,2025-08-19T00:48:39.244630,True,1
benchmark,claude-opus-4,/Users/dhruvbhatia/CODE/misc/morph/coding-agent-bench/corpus/subgraph_rewriter.py,sr_fix_runtimeerror_message,full_file_generation,215618.0181503296,0,3495,2025-08-19T00:48:48.586237,True,1
benchmark,gpt-5,/Users/dhruvbhatia/CODE/misc/morph/coding-agent-bench/corpus/subgraph_rewriter.py,sr_typing_backports,full_file_generation,119337.31365203857,0,3499,2025-08-19T00:48:48.860367,True,1
benchmark,claude-opus-4.1,/Users/dhruvbhatia/CODE/misc/morph/coding-agent-bench/corpus/QueryExecution.scala,qe_refactor_explainString_delegate,morph,41673.67219924927,3122.628927230835,454,2025-08-19T00:48:59.669231,True,1
benchmark,gpt-o3,/Users/dhruvbhatia/CODE/misc/morph/coding-agent-bench/corpus/subgraph_rewriter.py,sr_typing_backports,full_file_generation,66240.22102355957,0,3499,2025-08-19T00:49:02.865282,True,1
benchmark,claude-opus-4.1,/Users/dhruvbhatia/CODE/misc/morph/coding-agent-bench/corpus/QueryExecution.scala,qe_extract_append_section_helper,morph,37980.541944503784,3340.510845184326,1066,2025-08-19T00:49:13.835201,True,1
benchmark,claude-opus-4,/Users/dhruvbhatia/CODE/misc/morph/coding-agent-bench/corpus/QueryExecution.scala,qe_method_lazyAnalyzed,morph,35572.75319099426,3860.872983932495,352,2025-08-19T00:49:30.400712,True,1
benchmark,claude-sonnet-4,/Users/dhruvbhatia/CODE/misc/morph/coding-agent-bench/corpus/QueryExecution.scala,qe_method_lazyAnalyzed,full_file_generation,138633.7330341339,0,6071,2025-08-19T00:49:40.314187,True,1
benchmark,claude-opus-4,/Users/dhruvbhatia/CODE/misc/morph/coding-agent-bench/corpus/QueryExecution.scala,qe_refactor_explainString_delegate,morph,40992.18773841858,3795.0820922851562,450,2025-08-19T00:49:49.965665,True,1
benchmark,claude-opus-4,/Users/dhruvbhatia/CODE/misc/morph/coding-agent-bench/corpus/QueryExecution.scala,qe_assertSupported_refactor_and_flag_shortcircuit,morph,17352.739095687866,3195.5158710479736,103,2025-08-19T00:50:03.116366,True,1
benchmark,claude-sonnet-4,/Users/dhruvbhatia/CODE/misc/morph/coding-agent-bench/corpus/QueryExecution.scala,qe_refactor_explainString_delegate,full_file_generation,134867.32816696167,0,6050,2025-08-19T00:50:04.569707,True,1
benchmark,gpt-5,/Users/dhruvbhatia/CODE/misc/morph/coding-agent-bench/corpus/subgraph_rewriter.py,sr_extract_graph_from_input_helper,full_file_generation,155825.88577270508,0,3541,2025-08-19T00:50:18.440857,True,1
benchmark,claude-sonnet-4,/Users/dhruvbhatia/CODE/misc/morph/coding-agent-bench/corpus/QueryExecution.scala,qe_assertSupported_refactor_and_flag_shortcircuit,full_file_generation,135540.43793678284,0,6060,2025-08-19T00:50:18.721557,True,1
benchmark,claude-opus-4.1,/Users/dhruvbhatia/CODE/misc/morph/coding-agent-bench/corpus/QueryExecution.scala,qe_introduce_withPhase_helper,morph,94252.86293029785,3385.4000568389893,597,2025-08-19T00:50:29.690454,True,1
benchmark,claude-sonnet-4,/Users/dhruvbhatia/CODE/misc/morph/coding-agent-bench/corpus/QueryExecution.scala,qe_extract_append_section_helper,full_file_generation,133792.20008850098,0,6096,2025-08-19T00:50:37.040147,True,1
benchmark,claude-sonnet-4,/Users/dhruvbhatia/CODE/misc/morph/coding-agent-bench/corpus/QueryExecution.scala,qe_introduce_withPhase_helper,full_file_generation,135273.00882339478,0,6079,2025-08-19T00:50:39.983345,True,1
benchmark,gpt-5,/Users/dhruvbhatia/CODE/misc/morph/coding-agent-bench/corpus/QueryExecution.scala,qe_assertSupported_refactor_and_flag_shortcircuit,morph,22328.35102081299,3776.8208980560303,104,2025-08-19T00:51:08.116469,True,1
benchmark,claude-opus-4,/Users/dhruvbhatia/CODE/misc/morph/coding-agent-bench/corpus/QueryExecution.scala,qe_extract_append_section_helper,morph,58871.44923210144,3655.693769454956,835,2025-08-19T00:51:09.280588,True,1
benchmark,gpt-5,/Users/dhruvbhatia/CODE/misc/morph/coding-agent-bench/corpus/QueryExecution.scala,qe_method_lazyAnalyzed,morph,56289.262771606445,3360.635757446289,392,2025-08-19T00:51:20.607066,True,1
benchmark,gpt-5,/Users/dhruvbhatia/CODE/misc/morph/coding-agent-bench/corpus/QueryExecution.scala,qe_refactor_explainString_delegate,morph,49042.861223220825,3666.879177093506,689,2025-08-19T00:51:31.864605,True,1
benchmark,claude-opus-4.1,/Users/dhruvbhatia/CODE/misc/morph/coding-agent-bench/corpus/QueryExecution.scala,qe_method_lazyAnalyzed,full_file_generation,196977.10180282593,0,6071,2025-08-19T00:51:47.792594,True,1
benchmark,claude-opus-4.1,/Users/dhruvbhatia/CODE/misc/morph/coding-agent-bench/corpus/QueryExecution.scala,qe_assertSupported_refactor_and_flag_shortcircuit,full_file_generation,200695.33395767212,0,6062,2025-08-19T00:52:01.983666,True,1
benchmark,claude-opus-4.1,/Users/dhruvbhatia/CODE/misc/morph/coding-agent-bench/corpus/QueryExecution.scala,qe_refactor_explainString_delegate,full_file_generation,198236.4480495453,0,6091,2025-08-19T00:52:20.180054,True,1
benchmark,claude-opus-4,/Users/dhruvbhatia/CODE/misc/morph/coding-agent-bench/corpus/Canvas.ts,extract_paint_helpers,full_file_generation,895853.1942367554,0,4834,2025-08-19T00:52:24.310111,True,1
benchmark,claude-opus-4.1,/Users/dhruvbhatia/CODE/misc/morph/coding-agent-bench/corpus/QueryExecution.scala,qe_extract_append_section_helper,full_file_generation,197825.2658843994,0,6100,2025-08-19T00:52:33.948024,True,1
benchmark,claude-opus-4,/Users/dhruvbhatia/CODE/misc/morph/coding-agent-bench/corpus/QueryExecution.scala,qe_introduce_withPhase_helper,morph,140903.18894386292,3745.70894241333,625,2025-08-19T00:52:45.074975,True,1
benchmark,gpt-5,/Users/dhruvbhatia/CODE/misc/morph/coding-agent-bench/corpus/QueryExecution.scala,qe_introduce_withPhase_helper,morph,40553.58982086182,3579.8802375793457,635,2025-08-19T00:52:48.344200,True,1
benchmark,gpt-o3,/Users/dhruvbhatia/CODE/misc/morph/coding-agent-bench/corpus/QueryExecution.scala,qe_assertSupported_refactor_and_flag_shortcircuit,morph,14170.942068099976,3578.4127712249756,176,2025-08-19T00:52:53.811863,True,1
benchmark,gpt-o3,/Users/dhruvbhatia/CODE/misc/morph/coding-agent-bench/corpus/QueryExecution.scala,qe_refactor_explainString_delegate,morph,24491.42098426819,3738.286018371582,331,2025-08-19T00:52:54.623161,True,1
benchmark,gpt-o3,/Users/dhruvbhatia/CODE/misc/morph/coding-agent-bench/corpus/QueryExecution.scala,qe_method_lazyAnalyzed,morph,32620.378732681274,3435.983180999756,673,2025-08-19T00:52:58.303340,True,1
benchmark,gpt-5,/Users/dhruvbhatia/CODE/misc/morph/coding-agent-bench/corpus/QueryExecution.scala,qe_assertSupported_refactor_and_flag_shortcircuit,full_file_generation,120198.21310043335,0,6055,2025-08-19T00:53:10.418691,True,1
benchmark,gpt-5,/Users/dhruvbhatia/CODE/misc/morph/coding-agent-bench/corpus/QueryExecution.scala,qe_extract_append_section_helper,morph,110456.60209655762,3531.0840606689453,1088,2025-08-19T00:53:44.240243,True,1
benchmark,gpt-5,/Users/dhruvbhatia/CODE/misc/morph/coding-agent-bench/corpus/QueryExecution.scala,qe_method_lazyAnalyzed,full_file_generation,148198.94313812256,0,6067,2025-08-19T00:53:50.921667,True,1
benchmark,gpt-5,/Users/dhruvbhatia/CODE/misc/morph/coding-agent-bench/corpus/QueryExecution.scala,qe_refactor_explainString_delegate,full_file_generation,141685.34088134766,0,6054,2025-08-19T00:53:56.295267,True,1
benchmark,gpt-o3,/Users/dhruvbhatia/CODE/misc/morph/coding-agent-bench/corpus/QueryExecution.scala,qe_extract_append_section_helper,morph,52372.77269363403,4590.407133102417,1145,2025-08-19T00:54:09.882689,True,1
benchmark,claude-sonnet-4,/Users/dhruvbhatia/CODE/misc/morph/coding-agent-bench/corpus/flappy-bird.html,design_bird,morph,11561.455965042114,3790.2021408081055,783,2025-08-19T00:54:14.040809,True,1
benchmark,claude-opus-4.1,/Users/dhruvbhatia/CODE/misc/morph/coding-agent-bench/corpus/QueryExecution.scala,qe_introduce_withPhase_helper,full_file_generation,230228.34300994873,0,6079,2025-08-19T00:54:21.946899,True,1
benchmark,gpt-o3,/Users/dhruvbhatia/CODE/misc/morph/coding-agent-bench/corpus/QueryExecution.scala,qe_introduce_withPhase_helper,morph,28160.28904914856,3366.7361736297607,503,2025-08-19T00:54:24.740045,True,1
benchmark,gpt-o3,/Users/dhruvbhatia/CODE/misc/morph/coding-agent-bench/corpus/QueryExecution.scala,qe_method_lazyAnalyzed,full_file_generation,92071.38991355896,0,6079,2025-08-19T00:54:32.662941,True,1
benchmark,claude-sonnet-4,/Users/dhruvbhatia/CODE/misc/morph/coding-agent-bench/corpus/flappy-bird.html,full_screen,morph,8744.004964828491,3968.3258533477783,427,2025-08-19T00:54:36.768838,False,1
benchmark,gpt-o3,/Users/dhruvbhatia/CODE/misc/morph/coding-agent-bench/corpus/QueryExecution.scala,qe_refactor_explainString_delegate,full_file_generation,104924.35812950134,0,6095,2025-08-19T00:54:41.788364,True,1
benchmark,claude-sonnet-4,/Users/dhruvbhatia/CODE/misc/morph/coding-agent-bench/corpus/flappy-bird.html,random_emoji,morph,8964.694023132324,3908.113956451416,559,2025-08-19T00:54:47.837331,False,1
benchmark,gpt-o3,/Users/dhruvbhatia/CODE/misc/morph/coding-agent-bench/corpus/QueryExecution.scala,qe_assertSupported_refactor_and_flag_shortcircuit,full_file_generation,113671.08488082886,0,6056,2025-08-19T00:54:50.958385,True,1
benchmark,claude-sonnet-4,/Users/dhruvbhatia/CODE/misc/morph/coding-agent-bench/corpus/flappy-bird.html,gravity_multiplier,morph,7023.063182830811,4106.326103210449,203,2025-08-19T00:54:55.168814,False,1
benchmark,gpt-5,/Users/dhruvbhatia/CODE/misc/morph/coding-agent-bench/corpus/QueryExecution.scala,qe_introduce_withPhase_helper,full_file_generation,139133.83507728577,0,6071,2025-08-19T00:55:09.597110,True,1
benchmark,claude-opus-4.1,/Users/dhruvbhatia/CODE/misc/morph/coding-agent-bench/corpus/flappy-bird.html,design_bird,morph,29248.123168945312,4182.100772857666,819,2025-08-19T00:55:45.092233,True,1
benchmark,claude-sonnet-4,/Users/dhruvbhatia/CODE/misc/morph/coding-agent-bench/corpus/flappy-bird.html,cyberpunk_theme,morph,61921.40793800354,5047.48010635376,4610,2025-08-19T00:56:00.829231,True,1
benchmark,claude-sonnet-4,/Users/dhruvbhatia/CODE/misc/morph/coding-agent-bench/corpus/flappy-bird.html,design_bird,full_file_generation,105757.39216804504,0,6370,2025-08-19T00:56:02.084798,True,1
benchmark,claude-sonnet-4,/Users/dhruvbhatia/CODE/misc/morph/coding-agent-bench/corpus/flappy-bird.html,full_screen,full_file_generation,104464.24698829651,0,6559,2025-08-19T00:56:23.575717,True,1
benchmark,gpt-o3,/Users/dhruvbhatia/CODE/misc/morph/coding-agent-bench/corpus/QueryExecution.scala,qe_extract_append_section_helper,full_file_generation,137086.24601364136,0,6220,2025-08-19T00:56:29.529266,True,1
benchmark,claude-sonnet-4,/Users/dhruvbhatia/CODE/misc/morph/coding-agent-bench/corpus/flappy-bird.html,random_emoji,full_file_generation,100356.65822029114,0,6119,2025-08-19T00:56:30.343428,True,1
benchmark,gpt-o3,/Users/dhruvbhatia/CODE/misc/morph/coding-agent-bench/corpus/QueryExecution.scala,qe_introduce_withPhase_helper,full_file_generation,130898.98777008057,0,6094,2025-08-19T00:56:37.797900,True,1
benchmark,claude-sonnet-4,/Users/dhruvbhatia/CODE/misc/morph/coding-agent-bench/corpus/flappy-bird.html,gravity_multiplier,full_file_generation,101521.63100242615,0,6354,2025-08-19T00:56:39.032191,True,1
benchmark,claude-opus-4.1,/Users/dhruvbhatia/CODE/misc/morph/coding-agent-bench/corpus/flappy-bird.html,full_screen,morph,46012.962102890015,3659.1761112213135,1333,2025-08-19T00:56:54.063237,True,1
benchmark,claude-opus-4.1,/Users/dhruvbhatia/CODE/misc/morph/coding-agent-bench/corpus/flappy-bird.html,gravity_multiplier,morph,33731.576919555664,4106.136083602905,766,2025-08-19T00:57:09.801009,True,1
benchmark,claude-opus-4.1,/Users/dhruvbhatia/CODE/misc/morph/coding-agent-bench/corpus/flappy-bird.html,random_emoji,morph,41048.19202423096,4034.644842147827,1201,2025-08-19T00:57:11.220520,True,1
benchmark,claude-opus-4,/Users/dhruvbhatia/CODE/misc/morph/coding-agent-bench/corpus/QueryExecution.scala,qe_method_lazyAnalyzed,full_file_generation,481337.11194992065,0,6071,2025-08-19T00:57:33.890020,True,1
benchmark,gpt-5,/Users/dhruvbhatia/CODE/misc/morph/coding-agent-bench/corpus/QueryExecution.scala,qe_extract_append_section_helper,full_file_generation,227926.38325691223,0,6118,2025-08-19T00:57:34.548872,True,1
benchmark,claude-opus-4,/Users/dhruvbhatia/CODE/misc/morph/coding-agent-bench/corpus/flappy-bird.html,design_bird,morph,53514.723777770996,3642.286777496338,847,2025-08-19T00:57:37.263099,True,1
benchmark,claude-opus-4,/Users/dhruvbhatia/CODE/misc/morph/coding-agent-bench/corpus/QueryExecution.scala,qe_assertSupported_refactor_and_flag_shortcircuit,full_file_generation,467163.08188438416,0,6068,2025-08-19T00:57:52.664664,True,1
benchmark,claude-sonnet-4,/Users/dhruvbhatia/CODE/misc/morph/coding-agent-bench/corpus/flappy-bird.html,cyberpunk_theme,full_file_generation,110091.54510498047,0,6979,2025-08-19T00:57:53.881860,True,1
benchmark,claude-opus-4,/Users/dhruvbhatia/CODE/misc/morph/coding-agent-bench/corpus/flappy-bird.html,gravity_multiplier,morph,21865.844011306763,3478.0890941619873,346,2025-08-19T00:58:02.044173,True,1
benchmark,claude-opus-4,/Users/dhruvbhatia/CODE/misc/morph/coding-agent-bench/corpus/QueryExecution.scala,qe_refactor_explainString_delegate,full_file_generation,506218.63293647766,0,6091,2025-08-19T00:58:18.677626,True,1
benchmark,claude-opus-4,/Users/dhruvbhatia/CODE/misc/morph/coding-agent-bench/corpus/flappy-bird.html,full_screen,morph,121456.5019607544,3827.4710178375244,1872,2025-08-19T00:58:46.796730,True,1
benchmark,claude-opus-4.1,/Users/dhruvbhatia/CODE/misc/morph/coding-agent-bench/corpus/flappy-bird.html,design_bird,full_file_generation,184525.77090263367,0,6347,2025-08-19T00:58:51.816512,True,1
benchmark,gpt-5,/Users/dhruvbhatia/CODE/misc/morph/coding-agent-bench/corpus/flappy-bird.html,design_bird,morph,87423.43091964722,3755.0809383392334,355,2025-08-19T00:59:27.061267,True,1
benchmark,claude-opus-4,/Users/dhruvbhatia/CODE/misc/morph/coding-agent-bench/corpus/flappy-bird.html,random_emoji,morph,118117.36583709717,4536.03196144104,2816,2025-08-19T00:59:39.033222,True,1
benchmark,claude-opus-4,/Users/dhruvbhatia/CODE/misc/morph/coding-agent-bench/corpus/QueryExecution.scala,qe_introduce_withPhase_helper,full_file_generation,426845.782995224,0,6079,2025-08-19T00:59:54.365028,True,1
benchmark,gpt-5,/Users/dhruvbhatia/CODE/misc/morph/coding-agent-bench/corpus/flappy-bird.html,full_screen,morph,109852.30088233948,4643.122911453247,573,2025-08-19T01:00:16.498616,True,1
benchmark,claude-opus-4.1,/Users/dhruvbhatia/CODE/misc/morph/coding-agent-bench/corpus/flappy-bird.html,random_emoji,full_file_generation,181885.67996025085,0,6224,2025-08-19T01:00:17.312928,True,1
benchmark,claude-opus-4.1,/Users/dhruvbhatia/CODE/misc/morph/coding-agent-bench/corpus/flappy-bird.html,cyberpunk_theme,morph,232494.41027641296,5388.803005218506,8990,2025-08-19T01:00:39.266026,True,1
benchmark,claude-opus-4.1,/Users/dhruvbhatia/CODE/misc/morph/coding-agent-bench/corpus/flappy-bird.html,full_screen,full_file_generation,206885.16569137573,0,6814,2025-08-19T01:00:44.815885,True,1
benchmark,gpt-5,/Users/dhruvbhatia/CODE/misc/morph/coding-agent-bench/corpus/flappy-bird.html,random_emoji,morph,103612.722158432,3814.009189605713,910,2025-08-19T01:00:47.536869,True,1
benchmark,gpt-o3,/Users/dhruvbhatia/CODE/misc/morph/coding-agent-bench/corpus/flappy-bird.html,design_bird,morph,19961.715936660767,3814.83793258667,221,2025-08-19T01:01:20.364400,True,1
benchmark,gpt-5,/Users/dhruvbhatia/CODE/misc/morph/coding-agent-bench/corpus/flappy-bird.html,gravity_multiplier,morph,88903.86414527893,3803.2610416412354,490,2025-08-19T01:01:37.053438,True,1
benchmark,gpt-5,/Users/dhruvbhatia/CODE/misc/morph/coding-agent-bench/corpus/flappy-bird.html,design_bird,full_file_generation,212893.35298538208,0,6369,2025-08-19T01:03:06.179443,True,1
benchmark,gpt-5,/Users/dhruvbhatia/CODE/misc/morph/coding-agent-bench/corpus/flappy-bird.html,random_emoji,full_file_generation,147395.13301849365,0,6198,2025-08-19T01:03:20.438196,True,1
benchmark,gpt-o3,/Users/dhruvbhatia/CODE/misc/morph/coding-agent-bench/corpus/flappy-bird.html,design_bird,full_file_generation,139198.8000869751,0,6376,2025-08-19T01:03:45.761982,True,1
benchmark,gpt-5,/Users/dhruvbhatia/CODE/misc/morph/coding-agent-bench/corpus/flappy-bird.html,gravity_multiplier,full_file_generation,126394.08898353577,0,6376,2025-08-19T01:03:52.832737,True,1
benchmark,gpt-o3,/Users/dhruvbhatia/CODE/misc/morph/coding-agent-bench/corpus/flappy-bird.html,full_screen,morph,31917.895078659058,3626.446008682251,346,2025-08-19T01:03:54.555457,True,1
benchmark,gpt-5,/Users/dhruvbhatia/CODE/misc/morph/coding-agent-bench/corpus/flappy-bird.html,full_screen,full_file_generation,223759.55200195312,0,6535,2025-08-19T01:04:07.068296,True,1
benchmark,gpt-5,/Users/dhruvbhatia/CODE/misc/morph/coding-agent-bench/corpus/flappy-bird.html,cyberpunk_theme,morph,220601.30715370178,4735.458850860596,7321,2025-08-19T01:04:13.749386,True,1
benchmark,gpt-o3,/Users/dhruvbhatia/CODE/misc/morph/coding-agent-bench/corpus/flappy-bird.html,gravity_multiplier,morph,18467.730045318604,3903.9909839630127,186,2025-08-19T01:04:22.233167,True,1
benchmark,claude-sonnet-4,/Users/dhruvbhatia/CODE/misc/morph/coding-agent-bench/corpus/visualizer.cc,visualizer_background_color,morph,9225.239753723145,3271.127939224243,311,2025-08-19T01:04:23.765453,True,1
benchmark,gpt-o3,/Users/dhruvbhatia/CODE/misc/morph/coding-agent-bench/corpus/flappy-bird.html,random_emoji,morph,46566.550970077515,3632.5199604034424,892,2025-08-19T01:04:23.954662,True,1
benchmark,claude-opus-4,/Users/dhruvbhatia/CODE/misc/morph/coding-agent-bench/corpus/flappy-bird.html,cyberpunk_theme,morph,383009.01889801025,4879.348039627075,6170,2025-08-19T01:04:26.257293,True,1
benchmark,claude-opus-4.1,/Users/dhruvbhatia/CODE/misc/morph/coding-agent-bench/corpus/flappy-bird.html,cyberpunk_theme,full_file_generation,220729.50196266174,0,7089,2025-08-19T01:04:33.562172,True,1
benchmark,claude-sonnet-4,/Users/dhruvbhatia/CODE/misc/morph/coding-agent-bench/corpus/visualizer.cc,toggle_colours,morph,9330.870628356934,3312.27707862854,346,2025-08-19T01:04:50.329411,False,1
benchmark,gpt-o3,/Users/dhruvbhatia/CODE/misc/morph/coding-agent-bench/corpus/flappy-bird.html,cyberpunk_theme,morph,52591.97902679443,5482.376337051392,1014,2025-08-19T01:04:56.615475,True,1
benchmark,claude-opus-4,/Users/dhruvbhatia/CODE/misc/morph/coding-agent-bench/corpus/flappy-bird.html,design_bird,full_file_generation,449482.74207115173,0,6354,2025-08-19T01:05:13.588803,True,1
benchmark,claude-opus-4,/Users/dhruvbhatia/CODE/misc/morph/coding-agent-bench/corpus/QueryExecution.scala,qe_extract_append_section_helper,full_file_generation,846564.1207695007,0,6104,2025-08-19T01:05:25.954668,True,1
benchmark,claude-opus-4,/Users/dhruvbhatia/CODE/misc/morph/coding-agent-bench/corpus/flappy-bird.html,gravity_multiplier,full_file_generation,441799.7307777405,0,6325,2025-08-19T01:05:26.327477,True,1
benchmark,claude-sonnet-4,/Users/dhruvbhatia/CODE/misc/morph/coding-agent-bench/corpus/visualizer.cc,fps_counter,morph,9020.841836929321,2929.8219680786133,358,2025-08-19T01:05:33.572016,True,1
benchmark,claude-sonnet-4,/Users/dhruvbhatia/CODE/misc/morph/coding-agent-bench/corpus/visualizer.cc,visualizer_background_color,full_file_generation,70752.04706192017,0,4967,2025-08-19T01:05:38.790851,True,1
benchmark,claude-sonnet-4,/Users/dhruvbhatia/CODE/misc/morph/coding-agent-bench/corpus/visualizer.cc,rossler_attractor,morph,12537.756204605103,2707.9269886016846,1040,2025-08-19T01:05:47.525372,True,1
benchmark,claude-sonnet-4,/Users/dhruvbhatia/CODE/misc/morph/coding-agent-bench/corpus/visualizer.cc,toggle_two_attractors,morph,17900.916814804077,3094.41876411438,1459,2025-08-19T01:05:55.255272,True,1
benchmark,claude-opus-4.1,/Users/dhruvbhatia/CODE/misc/morph/coding-agent-bench/corpus/visualizer.cc,visualizer_background_color,morph,16290.354013442993,2648.207902908325,372,2025-08-19T01:06:01.182904,True,1
benchmark,claude-sonnet-4,/Users/dhruvbhatia/CODE/misc/morph/coding-agent-bench/corpus/visualizer.cc,toggle_colours,full_file_generation,76084.49792861938,0,4807,2025-08-19T01:06:20.769750,True,1
benchmark,gpt-o3,/Users/dhruvbhatia/CODE/misc/morph/coding-agent-bench/corpus/flappy-bird.html,full_screen,full_file_generation,151361.33003234863,0,6464,2025-08-19T01:06:30.760696,True,1
benchmark,gpt-o3,/Users/dhruvbhatia/CODE/misc/morph/coding-agent-bench/corpus/flappy-bird.html,gravity_multiplier,full_file_generation,128897.81308174133,0,6330,2025-08-19T01:06:33.267950,True,1
benchmark,gpt-o3,/Users/dhruvbhatia/CODE/misc/morph/coding-agent-bench/corpus/flappy-bird.html,random_emoji,full_file_generation,120558.81094932556,0,6055,2025-08-19T01:06:36.163682,True,1
benchmark,claude-sonnet-4,/Users/dhruvbhatia/CODE/misc/morph/coding-agent-bench/corpus/visualizer.cc,fps_counter,full_file_generation,73412.10103034973,0,4787,2025-08-19T01:06:50.547698,True,1
benchmark,claude-opus-4.1,/Users/dhruvbhatia/CODE/misc/morph/coding-agent-bench/corpus/visualizer.cc,toggle_colours,morph,26434.95774269104,3419.2299842834473,849,2025-08-19T01:06:52.401252,True,1
benchmark,claude-sonnet-4,/Users/dhruvbhatia/CODE/misc/morph/coding-agent-bench/corpus/visualizer.cc,rossler_attractor,full_file_generation,72597.2888469696,0,4638,2025-08-19T01:07:02.291259,True,1
benchmark,gpt-5,/Users/dhruvbhatia/CODE/misc/morph/coding-agent-bench/corpus/flappy-bird.html,cyberpunk_theme,full_file_generation,163911.56005859375,0,6981,2025-08-19T01:07:04.582329,True,1
benchmark,gpt-o3,/Users/dhruvbhatia/CODE/misc/morph/coding-agent-bench/corpus/flappy-bird.html,cyberpunk_theme,full_file_generation,125296.95701599121,0,5987,2025-08-19T01:07:04.711465,True,1
benchmark,claude-opus-4,/Users/dhruvbhatia/CODE/misc/morph/coding-agent-bench/corpus/flappy-bird.html,cyberpunk_theme,full_file_generation,158912.80388832092,0,6710,2025-08-19T01:07:07.930470,True,1
benchmark,claude-opus-4,/Users/dhruvbhatia/CODE/misc/morph/coding-agent-bench/corpus/flappy-bird.html,random_emoji,full_file_generation,446693.20487976074,0,6209,2025-08-19T01:07:08.071316,True,1
benchmark,claude-opus-4.1,/Users/dhruvbhatia/CODE/misc/morph/coding-agent-bench/corpus/visualizer.cc,rossler_attractor,morph,32879.4641494751,3700.7620334625244,1046,2025-08-19T01:07:11.946727,True,1
benchmark,claude-sonnet-4,/Users/dhruvbhatia/CODE/misc/morph/coding-agent-bench/corpus/visualizer.cc,toggle_two_attractors,full_file_generation,83549.644947052,0,5611,2025-08-19T01:07:20.804714,True,1
benchmark,claude-opus-4,/Users/dhruvbhatia/CODE/misc/morph/coding-agent-bench/corpus/visualizer.cc,visualizer_background_color,morph,27439.48483467102,2669.344902038574,322,2025-08-19T01:07:22.596285,True,1
benchmark,claude-opus-4,/Users/dhruvbhatia/CODE/misc/morph/coding-agent-bench/corpus/flappy-bird.html,full_screen,full_file_generation,514701.4789581299,0,6838,2025-08-19T01:07:23.885752,True,1
benchmark,claude-opus-4.1,/Users/dhruvbhatia/CODE/misc/morph/coding-agent-bench/corpus/visualizer.cc,toggle_two_attractors,morph,48351.171016693115,3591.3479328155518,1264,2025-08-19T01:07:30.067951,False,1
benchmark,claude-opus-4.1,/Users/dhruvbhatia/CODE/misc/morph/coding-agent-bench/corpus/visualizer.cc,fps_counter,morph,65732.16509819031,2714.0321731567383,687,2025-08-19T01:07:41.213804,True,1
benchmark,gpt-5,/Users/dhruvbhatia/CODE/misc/morph/coding-agent-bench/corpus/visualizer.cc,visualizer_background_color,morph,43515.86890220642,2757.496118545532,342,2025-08-19T01:07:56.477633,True,1
benchmark,gpt-5,/Users/dhruvbhatia/CODE/misc/morph/coding-agent-bench/corpus/visualizer.cc,toggle_colours,morph,33954.50687408447,2770.573139190674,205,2025-08-19T01:07:59.326854,True,1
benchmark,claude-opus-4,/Users/dhruvbhatia/CODE/misc/morph/coding-agent-bench/corpus/visualizer.cc,rossler_attractor,morph,66080.43193817139,2918.405055999756,1047,2025-08-19T01:08:15.628377,True,1
benchmark,claude-opus-4,/Users/dhruvbhatia/CODE/misc/morph/coding-agent-bench/corpus/visualizer.cc,toggle_two_attractors,morph,74315.5562877655,3524.8448848724365,1251,2025-08-19T01:08:27.930408,False,1
benchmark,gpt-5,/Users/dhruvbhatia/CODE/misc/morph/coding-agent-bench/corpus/visualizer.cc,fps_counter,morph,61910.151958465576,2901.5796184539795,452,2025-08-19T01:08:30.935769,True,1
benchmark,claude-opus-4,/Users/dhruvbhatia/CODE/misc/morph/coding-agent-bench/corpus/visualizer.cc,toggle_colours,morph,91274.20496940613,3326.8160820007324,1350,2025-08-19T01:08:43.750625,True,1
benchmark,claude-opus-4.1,/Users/dhruvbhatia/CODE/misc/morph/coding-agent-bench/corpus/visualizer.cc,visualizer_background_color,full_file_generation,173537.0318889618,0,5001,2025-08-19T01:08:56.954972,False,1
benchmark,claude-opus-4,/Users/dhruvbhatia/CODE/misc/morph/coding-agent-bench/corpus/visualizer.cc,fps_counter,morph,152044.53992843628,2833.84108543396,667,2025-08-19T01:09:41.291811,True,1
benchmark,claude-opus-4.1,/Users/dhruvbhatia/CODE/misc/morph/coding-agent-bench/corpus/visualizer.cc,fps_counter,full_file_generation,144425.15420913696,0,4986,2025-08-19T01:10:07.580489,False,1
benchmark,gpt-5,/Users/dhruvbhatia/CODE/misc/morph/coding-agent-bench/corpus/visualizer.cc,toggle_colours,full_file_generation,129481.55808448792,0,4750,2025-08-19T01:10:10.482838,True,1
benchmark,claude-opus-4.1,/Users/dhruvbhatia/CODE/misc/morph/coding-agent-bench/corpus/visualizer.cc,rossler_attractor,full_file_generation,182624.1307258606,0,4731,2025-08-19T01:10:17.697179,True,1
benchmark,gpt-5,/Users/dhruvbhatia/CODE/misc/morph/coding-agent-bench/corpus/visualizer.cc,visualizer_background_color,full_file_generation,143332.64803886414,0,4892,2025-08-19T01:10:21.868588,True,1
benchmark,claude-opus-4.1,/Users/dhruvbhatia/CODE/misc/morph/coding-agent-bench/corpus/visualizer.cc,toggle_two_attractors,full_file_generation,173224.11727905273,0,5695,2025-08-19T01:10:25.139555,False,1
benchmark,gpt-o3,/Users/dhruvbhatia/CODE/misc/morph/coding-agent-bench/corpus/visualizer.cc,toggle_colours,morph,12559.412956237793,2834.608316421509,148,2025-08-19T01:10:34.894573,True,1
benchmark,gpt-o3,/Users/dhruvbhatia/CODE/misc/morph/coding-agent-bench/corpus/visualizer.cc,visualizer_background_color,morph,20151.78608894348,4083.9970111846924,523,2025-08-19T01:10:36.468197,True,1
benchmark,gpt-o3,/Users/dhruvbhatia/CODE/misc/morph/coding-agent-bench/corpus/visualizer.cc,fps_counter,morph,25047.164916992188,3085.7648849487305,408,2025-08-19T01:10:51.742711,True,1
benchmark,gpt-5,/Users/dhruvbhatia/CODE/misc/morph/coding-agent-bench/corpus/visualizer.cc,fps_counter,full_file_generation,163878.61132621765,0,4780,2025-08-19T01:11:16.659128,True,1
benchmark,claude-opus-4.1,/Users/dhruvbhatia/CODE/misc/morph/coding-agent-bench/corpus/flappy-bird.html,gravity_multiplier,full_file_generation,849070.042848587,0,6327,2025-08-19T01:11:21.096366,True,1
benchmark,gpt-5,/Users/dhruvbhatia/CODE/misc/morph/coding-agent-bench/corpus/visualizer.cc,toggle_two_attractors,morph,79506.34121894836,3051.523208618164,1406,2025-08-19T01:11:33.899707,True,1
benchmark,claude-sonnet-4,/Users/dhruvbhatia/CODE/misc/morph/coding-agent-bench/corpus/mandelbrot.rs,mandelbrot_add_color,morph,11144.999027252197,1285.3119373321533,648,2025-08-19T01:11:35.890105,True,1
benchmark,gpt-o3,/Users/dhruvbhatia/CODE/misc/morph/coding-agent-bench/corpus/visualizer.cc,rossler_attractor,morph,68770.88022232056,4019.054174423218,1966,2025-08-19T01:11:39.934937,True,1
benchmark,gpt-5,/Users/dhruvbhatia/CODE/misc/morph/coding-agent-bench/corpus/visualizer.cc,rossler_attractor,morph,166931.04720115662,2847.9580879211426,539,2025-08-19T01:11:48.640101,True,1
benchmark,claude-sonnet-4,/Users/dhruvbhatia/CODE/misc/morph/coding-agent-bench/corpus/mandelbrot.rs,mandelbrot_add_color,full_file_generation,11846.422672271729,0,1179,2025-08-19T01:11:50.036760,False,1
benchmark,claude-sonnet-4,/Users/dhruvbhatia/CODE/misc/morph/coding-agent-bench/corpus/mandelbrot.rs,mandelbrot_interactive_zooming,morph,12898.329734802246,1235.0828647613525,885,2025-08-19T01:12:05.753914,True,1
benchmark,gpt-o3,/Users/dhruvbhatia/CODE/misc/morph/coding-agent-bench/corpus/visualizer.cc,toggle_colours,full_file_generation,93042.27018356323,0,4833,2025-08-19T01:12:09.771105,True,1
benchmark,claude-sonnet-4,/Users/dhruvbhatia/CODE/misc/morph/coding-agent-bench/corpus/mandelbrot.rs,mandelbrot_interactive_zooming,full_file_generation,16162.981033325195,0,1448,2025-08-19T01:12:23.402325,True,1
benchmark,claude-sonnet-4,/Users/dhruvbhatia/CODE/misc/morph/coding-agent-bench/corpus/mandelbrot.rs,mandelbrot_palette_switch,morph,15352.157354354858,1432.7898025512695,1379,2025-08-19T01:12:28.165335,True,1
benchmark,gpt-o3,/Users/dhruvbhatia/CODE/misc/morph/coding-agent-bench/corpus/visualizer.cc,toggle_two_attractors,morph,70047.89686203003,3551.0458946228027,893,2025-08-19T01:12:32.313212,True,1
benchmark,gpt-o3,/Users/dhruvbhatia/CODE/misc/morph/coding-agent-bench/corpus/visualizer.cc,visualizer_background_color,full_file_generation,114834.31482315063,0,5049,2025-08-19T01:12:34.277750,True,1
benchmark,claude-opus-4,/Users/dhruvbhatia/CODE/misc/morph/coding-agent-bench/corpus/visualizer.cc,visualizer_background_color,full_file_generation,310658.60295295715,0,4979,2025-08-19T01:12:34.990087,True,1
benchmark,claude-sonnet-4,/Users/dhruvbhatia/CODE/misc/morph/coding-agent-bench/corpus/mandelbrot.rs,mandelbrot_parallel_rendering,morph,8798.058986663818,1224.9739170074463,613,2025-08-19T01:12:35.014068,True,1
benchmark,gpt-o3,/Users/dhruvbhatia/CODE/misc/morph/coding-agent-bench/corpus/visualizer.cc,fps_counter,full_file_generation,108436.35320663452,0,4742,2025-08-19T01:12:42.288824,True,1
benchmark,claude-sonnet-4,/Users/dhruvbhatia/CODE/misc/morph/coding-agent-bench/corpus/mandelbrot.rs,mandelbrot_palette_switch,full_file_generation,14674.494981765747,0,1435,2025-08-19T01:12:44.412574,False,1
benchmark,claude-sonnet-4,/Users/dhruvbhatia/CODE/misc/morph/coding-agent-bench/corpus/mandelbrot.rs,mandelbrot_save_to_file,morph,10166.020154953003,1204.6358585357666,666,2025-08-19T01:12:46.974766,True,1
benchmark,claude-sonnet-4,/Users/dhruvbhatia/CODE/misc/morph/coding-agent-bench/corpus/mandelbrot.rs,mandelbrot_parallel_rendering,full_file_generation,13956.379175186157,0,1278,2025-08-19T01:12:50.211211,True,1
benchmark,claude-opus-4,/Users/dhruvbhatia/CODE/misc/morph/coding-agent-bench/corpus/visualizer.cc,toggle_two_attractors,full_file_generation,270417.37508773804,0,5549,2025-08-19T01:13:00.422616,True,1
benchmark,claude-sonnet-4,/Users/dhruvbhatia/CODE/misc/morph/coding-agent-bench/corpus/mandelbrot.rs,mandelbrot_save_to_file,full_file_generation,12560.6210231781,0,1164,2025-08-19T01:13:01.848437,True,1
benchmark,claude-opus-4.1,/Users/dhruvbhatia/CODE/misc/morph/coding-agent-bench/corpus/mandelbrot.rs,mandelbrot_add_color,morph,24717.756986618042,1212.7668857574463,860,2025-08-19T01:13:01.894169,True,1
benchmark,gpt-o3,/Users/dhruvbhatia/CODE/misc/morph/coding-agent-bench/corpus/visualizer.cc,rossler_attractor,full_file_generation,96862.94293403625,0,4665,2025-08-19T01:13:18.933123,True,1
benchmark,claude-opus-4.1,/Users/dhruvbhatia/CODE/misc/morph/coding-agent-bench/corpus/mandelbrot.rs,mandelbrot_interactive_zooming,morph,34791.72706604004,1321.3911056518555,1153,2025-08-19T01:13:20.991486,True,1
benchmark,claude-opus-4.1,/Users/dhruvbhatia/CODE/misc/morph/coding-agent-bench/corpus/mandelbrot.rs,mandelbrot_parallel_rendering,morph,29057.64603614807,1150.7830619812012,711,2025-08-19T01:13:21.532562,True,1
benchmark,claude-opus-4.1,/Users/dhruvbhatia/CODE/misc/morph/coding-agent-bench/corpus/mandelbrot.rs,mandelbrot_save_to_file,morph,23706.725120544434,1150.5908966064453,764,2025-08-19T01:13:26.323349,True,1
benchmark,claude-opus-4,/Users/dhruvbhatia/CODE/misc/morph/coding-agent-bench/corpus/mandelbrot.rs,mandelbrot_add_color,morph,33360.67605018616,1286.862850189209,732,2025-08-19T01:13:37.828479,True,1
benchmark,gpt-5,/Users/dhruvbhatia/CODE/misc/morph/coding-agent-bench/corpus/visualizer.cc,toggle_two_attractors,full_file_generation,151190.8278465271,0,5506,2025-08-19T01:14:07.094141,True,1
benchmark,claude-opus-4.1,/Users/dhruvbhatia/CODE/misc/morph/coding-agent-bench/corpus/mandelbrot.rs,mandelbrot_parallel_rendering,full_file_generation,45330.97195625305,0,1173,2025-08-19T01:14:08.463938,True,1
benchmark,claude-opus-4.1,/Users/dhruvbhatia/CODE/misc/morph/coding-agent-bench/corpus/mandelbrot.rs,mandelbrot_save_to_file,full_file_generation,43426.57423019409,0,1159,2025-08-19T01:14:10.838679,True,1
benchmark,gpt-5,/Users/dhruvbhatia/CODE/misc/morph/coding-agent-bench/corpus/visualizer.cc,rossler_attractor,full_file_generation,151103.15585136414,0,4643,2025-08-19T01:14:21.720938,True,1
benchmark,claude-opus-4.1,/Users/dhruvbhatia/CODE/misc/morph/coding-agent-bench/corpus/visualizer.cc,toggle_colours,full_file_generation,447978.98602485657,0,4882,2025-08-19T01:14:23.110498,False,1
benchmark,gpt-o3,/Users/dhruvbhatia/CODE/misc/morph/coding-agent-bench/corpus/visualizer.cc,toggle_two_attractors,full_file_generation,111636.69872283936,0,5567,2025-08-19T01:14:25.913945,True,1
benchmark,claude-opus-4,/Users/dhruvbhatia/CODE/misc/morph/coding-agent-bench/corpus/visualizer.cc,fps_counter,full_file_generation,283886.68179512024,0,4956,2025-08-19T01:14:27.089538,False,1
benchmark,claude-opus-4.1,/Users/dhruvbhatia/CODE/misc/morph/coding-agent-bench/corpus/mandelbrot.rs,mandelbrot_palette_switch,morph,108364.01796340942,1280.2948951721191,1401,2025-08-19T01:14:35.168585,True,1
benchmark,claude-opus-4.1,/Users/dhruvbhatia/CODE/misc/morph/coding-agent-bench/corpus/mandelbrot.rs,mandelbrot_add_color,full_file_generation,94868.66307258606,0,1188,2025-08-19T01:14:38.241726,False,1
benchmark,claude-opus-4,/Users/dhruvbhatia/CODE/misc/morph/coding-agent-bench/corpus/mandelbrot.rs,mandelbrot_parallel_rendering,morph,36205.02305030823,1221.0628986358643,582,2025-08-19T01:14:47.202805,True,1
benchmark,claude-opus-4,/Users/dhruvbhatia/CODE/misc/morph/coding-agent-bench/corpus/mandelbrot.rs,mandelbrot_add_color,full_file_generation,70290.52495956421,0,1152,2025-08-19T01:14:49.626753,False,1
benchmark,claude-opus-4,/Users/dhruvbhatia/CODE/misc/morph/coding-agent-bench/corpus/mandelbrot.rs,mandelbrot_save_to_file,morph,54004.4949054718,1027.433156967163,244,2025-08-19T01:15:07.350498,False,1
benchmark,gpt-5,/Users/dhruvbhatia/CODE/misc/morph/coding-agent-bench/corpus/mandelbrot.rs,mandelbrot_palette_switch,morph,44638.747692108154,1315.9911632537842,1557,2025-08-19T01:15:14.672415,True,1
benchmark,gpt-5,/Users/dhruvbhatia/CODE/misc/morph/coding-agent-bench/corpus/mandelbrot.rs,mandelbrot_parallel_rendering,morph,44919.71492767334,1147.9389667510986,675,2025-08-19T01:15:15.568430,True,1
benchmark,gpt-o3,/Users/dhruvbhatia/CODE/misc/morph/coding-agent-bench/corpus/mandelbrot.rs,mandelbrot_add_color,morph,23453.49097251892,1541.1100387573242,463,2025-08-19T01:15:16.178705,True,1
benchmark,claude-opus-4,/Users/dhruvbhatia/CODE/misc/morph/coding-agent-bench/corpus/mandelbrot.rs,mandelbrot_palette_switch,morph,68159.94215011597,1182.0788383483887,1268,2025-08-19T01:15:17.721505,True,1
benchmark,claude-opus-4.1,/Users/dhruvbhatia/CODE/misc/morph/coding-agent-bench/corpus/mandelbrot.rs,mandelbrot_interactive_zooming,full_file_generation,121429.44407463074,0,1398,2025-08-19T01:15:24.201136,False,1
benchmark,claude-opus-4.1,/Users/dhruvbhatia/CODE/misc/morph/coding-agent-bench/corpus/mandelbrot.rs,mandelbrot_palette_switch,full_file_generation,46279.11305427551,0,1401,2025-08-19T01:15:26.637371,True,1
benchmark,gpt-5,/Users/dhruvbhatia/CODE/misc/morph/coding-agent-bench/corpus/mandelbrot.rs,mandelbrot_save_to_file,morph,65613.7580871582,1542.942762374878,1368,2025-08-19T01:15:46.685838,True,1
benchmark,gpt-5,/Users/dhruvbhatia/CODE/misc/morph/coding-agent-bench/corpus/mandelbrot.rs,mandelbrot_parallel_rendering,full_file_generation,40048.537254333496,0,1227,2025-08-19T01:15:57.212005,True,1
benchmark,gpt-5,/Users/dhruvbhatia/CODE/misc/morph/coding-agent-bench/corpus/mandelbrot.rs,mandelbrot_interactive_zooming,morph,91130.90491294861,1962.9361629486084,1355,2025-08-19T01:15:58.253653,True,1
benchmark,gpt-5,/Users/dhruvbhatia/CODE/misc/morph/coding-agent-bench/corpus/mandelbrot.rs,mandelbrot_add_color,morph,94064.41688537598,1375.1590251922607,866,2025-08-19T01:15:59.474413,True,1
benchmark,gpt-5,/Users/dhruvbhatia/CODE/misc/morph/coding-agent-bench/corpus/mandelbrot.rs,mandelbrot_palette_switch,full_file_generation,46189.066886901855,0,1292,2025-08-19T01:16:02.661917,True,1
benchmark,gpt-o3,/Users/dhruvbhatia/CODE/misc/morph/coding-agent-bench/corpus/mandelbrot.rs,mandelbrot_save_to_file,morph,13244.661092758179,2124.959945678711,725,2025-08-19T01:16:19.559955,True,1
benchmark,claude-opus-4,/Users/dhruvbhatia/CODE/misc/morph/coding-agent-bench/corpus/mandelbrot.rs,mandelbrot_save_to_file,full_file_generation,74996.99211120605,0,1159,2025-08-19T01:16:23.751326,True,1
benchmark,gpt-o3,/Users/dhruvbhatia/CODE/misc/morph/coding-agent-bench/corpus/mandelbrot.rs,mandelbrot_add_color,full_file_generation,67988.50989341736,0,1296,2025-08-19T01:16:25.814572,True,1
benchmark,gpt-o3,/Users/dhruvbhatia/CODE/misc/morph/coding-agent-bench/corpus/mandelbrot.rs,mandelbrot_interactive_zooming,morph,63363.75403404236,2419.2137718200684,898,2025-08-19T01:16:31.134645,True,1
benchmark,gpt-o3,/Users/dhruvbhatia/CODE/misc/morph/coding-agent-bench/corpus/mandelbrot.rs,mandelbrot_parallel_rendering,morph,31566.29705429077,2616.811990737915,708,2025-08-19T01:16:32.657048,True,1
benchmark,claude-opus-4,/Users/dhruvbhatia/CODE/misc/morph/coding-agent-bench/corpus/mandelbrot.rs,mandelbrot_palette_switch,full_file_generation,74889.98508453369,0,1298,2025-08-19T01:16:34.296947,False,1
benchmark,claude-sonnet-4,/Users/dhruvbhatia/CODE/misc/morph/coding-agent-bench/corpus/csvtools.lua,csvtools_tsv_autodetect,morph,11984.884023666382,2519.5679664611816,676,2025-08-19T01:16:39.774366,True,1
benchmark,gpt-5,/Users/dhruvbhatia/CODE/misc/morph/coding-agent-bench/corpus/mandelbrot.rs,mandelbrot_save_to_file,full_file_generation,52117.26403236389,0,1094,2025-08-19T01:16:40.202978,True,1
benchmark,gpt-o3,/Users/dhruvbhatia/CODE/misc/morph/coding-agent-bench/corpus/mandelbrot.rs,mandelbrot_save_to_file,full_file_generation,19135.658979415894,0,1141,2025-08-19T01:16:40.293232,True,1
benchmark,claude-sonnet-4,/Users/dhruvbhatia/CODE/misc/morph/coding-agent-bench/corpus/csvtools.lua,csvtools_join_on_key,morph,14094.39492225647,2971.6598987579346,352,2025-08-19T01:16:44.328660,False,1
benchmark,claude-opus-4,/Users/dhruvbhatia/CODE/misc/morph/coding-agent-bench/corpus/mandelbrot.rs,mandelbrot_interactive_zooming,morph,202841.22705459595,1310.533046722412,1363,2025-08-19T01:16:44.382790,True,1
benchmark,claude-sonnet-4,/Users/dhruvbhatia/CODE/misc/morph/coding-agent-bench/corpus/csvtools.lua,csvtools_stats_percentiles,morph,10521.045923233032,2951.0059356689453,678,2025-08-19T01:16:49.211461,True,1
benchmark,gpt-o3,/Users/dhruvbhatia/CODE/misc/morph/coding-agent-bench/corpus/mandelbrot.rs,mandelbrot_parallel_rendering,full_file_generation,25214.400053024292,0,1215,2025-08-19T01:16:59.232413,True,1
benchmark,claude-sonnet-4,/Users/dhruvbhatia/CODE/misc/morph/coding-agent-bench/corpus/csvtools.lua,csvtools_delete_sample,morph,15524.969100952148,2196.9799995422363,774,2025-08-19T01:16:59.643743,True,1
benchmark,claude-sonnet-4,/Users/dhruvbhatia/CODE/misc/morph/coding-agent-bench/corpus/csvtools.lua,csvtools_delete_tojson,morph,16062.849044799805,2995.699167251587,726,2025-08-19T01:17:00.845361,True,1
benchmark,gpt-o3,/Users/dhruvbhatia/CODE/misc/morph/coding-agent-bench/corpus/mandelbrot.rs,mandelbrot_palette_switch,morph,95984.60817337036,1301.2192249298096,1136,2025-08-19T01:17:05.978753,True,1
benchmark,gpt-o3,/Users/dhruvbhatia/CODE/misc/morph/coding-agent-bench/corpus/mandelbrot.rs,mandelbrot_interactive_zooming,full_file_generation,34382.76791572571,0,1519,2025-08-19T01:17:06.811181,True,1
benchmark,gpt-5,/Users/dhruvbhatia/CODE/misc/morph/coding-agent-bench/corpus/mandelbrot.rs,mandelbrot_add_color,full_file_generation,80302.2768497467,0,1496,2025-08-19T01:17:21.641307,True,1
benchmark,claude-opus-4.1,/Users/dhruvbhatia/CODE/misc/morph/coding-agent-bench/corpus/csvtools.lua,csvtools_tsv_autodetect,morph,44747.437715530396,2504.9679279327393,1122,2025-08-19T01:17:47.998814,True,1
benchmark,claude-sonnet-4,/Users/dhruvbhatia/CODE/misc/morph/coding-agent-bench/corpus/csvtools.lua,csvtools_tsv_autodetect,full_file_generation,71186.31291389465,0,4347,2025-08-19T01:17:53.360666,True,1
benchmark,claude-opus-4.1,/Users/dhruvbhatia/CODE/misc/morph/coding-agent-bench/corpus/csvtools.lua,csvtools_stats_percentiles,morph,31361.029863357544,2486.0329627990723,890,2025-08-19T01:17:57.690885,True,1
benchmark,claude-sonnet-4,/Users/dhruvbhatia/CODE/misc/morph/coding-agent-bench/corpus/csvtools.lua,csvtools_delete_sample,full_file_generation,59103.03783416748,0,3903,2025-08-19T01:18:00.133601,True,1
benchmark,gpt-5,/Users/dhruvbhatia/CODE/misc/morph/coding-agent-bench/corpus/mandelbrot.rs,mandelbrot_interactive_zooming,full_file_generation,119701.42412185669,0,1834,2025-08-19T01:18:00.316691,True,1
benchmark,claude-opus-4.1,/Users/dhruvbhatia/CODE/misc/morph/coding-agent-bench/corpus/csvtools.lua,csvtools_join_on_key,morph,49481.077909469604,2762.4809741973877,1485,2025-08-19T01:18:00.807882,True,1
benchmark,claude-sonnet-4,/Users/dhruvbhatia/CODE/misc/morph/coding-agent-bench/corpus/csvtools.lua,csvtools_delete_tojson,full_file_generation,61018.21994781494,0,3858,2025-08-19T01:18:03.548619,True,1
benchmark,claude-opus-4,/Users/dhruvbhatia/CODE/misc/morph/coding-agent-bench/corpus/mandelbrot.rs,mandelbrot_interactive_zooming,full_file_generation,79311.78903579712,0,1343,2025-08-19T01:18:04.785977,False,1
benchmark,claude-sonnet-4,/Users/dhruvbhatia/CODE/misc/morph/coding-agent-bench/corpus/csvtools.lua,csvtools_stats_percentiles,full_file_generation,74224.85113143921,0,4559,2025-08-19T01:18:05.202193,True,1
benchmark,claude-sonnet-4,/Users/dhruvbhatia/CODE/misc/morph/coding-agent-bench/corpus/csvtools.lua,csvtools_join_on_key,full_file_generation,83968.25194358826,0,5059,2025-08-19T01:18:11.042957,True,1
benchmark,claude-opus-4,/Users/dhruvbhatia/CODE/misc/morph/coding-agent-bench/corpus/mandelbrot.rs,mandelbrot_parallel_rendering,full_file_generation,207796.79703712463,0,1177,2025-08-19T01:18:16.300386,False,1
benchmark,gpt-o3,/Users/dhruvbhatia/CODE/misc/morph/coding-agent-bench/corpus/mandelbrot.rs,mandelbrot_palette_switch,full_file_generation,71717.27633476257,0,1191,2025-08-19T01:18:19.615601,True,1
benchmark,claude-opus-4.1,/Users/dhruvbhatia/CODE/misc/morph/coding-agent-bench/corpus/csvtools.lua,csvtools_delete_tojson,morph,26263.794898986816,2552.4580478668213,772,2025-08-19T01:18:23.817772,True,1
benchmark,claude-opus-4.1,/Users/dhruvbhatia/CODE/misc/morph/coding-agent-bench/corpus/csvtools.lua,csvtools_delete_sample,morph,32128.139972686768,2570.3251361846924,788,2025-08-19T01:18:36.952429,True,1
benchmark,claude-opus-4,/Users/dhruvbhatia/CODE/misc/morph/coding-agent-bench/corpus/csvtools.lua,csvtools_tsv_autodetect,morph,32657.988786697388,2637.5339031219482,561,2025-08-19T01:18:38.446582,True,1
benchmark,claude-opus-4,/Users/dhruvbhatia/CODE/misc/morph/coding-agent-bench/corpus/csvtools.lua,csvtools_stats_percentiles,morph,47329.31113243103,2734.6060276031494,775,2025-08-19T01:18:57.268576,True,1
benchmark,claude-opus-4,/Users/dhruvbhatia/CODE/misc/morph/coding-agent-bench/corpus/csvtools.lua,csvtools_delete_sample,morph,54105.37004470825,2268.1732177734375,783,2025-08-19T01:19:09.128697,True,1
benchmark,claude-opus-4,/Users/dhruvbhatia/CODE/misc/morph/coding-agent-bench/corpus/csvtools.lua,csvtools_join_on_key,morph,66263.12184333801,2981.3740253448486,1225,2025-08-19T01:19:14.645588,True,1
benchmark,claude-opus-4,/Users/dhruvbhatia/CODE/misc/morph/coding-agent-bench/corpus/csvtools.lua,csvtools_delete_tojson,morph,65743.65019798279,2442.979097366333,317,2025-08-19T01:19:15.622043,True,1
benchmark,claude-opus-4,/Users/dhruvbhatia/CODE/misc/morph/coding-agent-bench/corpus/visualizer.cc,toggle_colours,full_file_generation,634412.624835968,0,4983,2025-08-19T01:19:20.554107,False,1
benchmark,gpt-5,/Users/dhruvbhatia/CODE/misc/morph/coding-agent-bench/corpus/csvtools.lua,csvtools_tsv_autodetect,morph,88245.15581130981,2549.6912002563477,432,2025-08-19T01:19:48.960488,True,1
benchmark,claude-opus-4.1,/Users/dhruvbhatia/CODE/misc/morph/coding-agent-bench/corpus/csvtools.lua,csvtools_tsv_autodetect,full_file_generation,120804.32796478271,0,4272,2025-08-19T01:19:50.400572,True,1
benchmark,claude-opus-4.1,/Users/dhruvbhatia/CODE/misc/morph/coding-agent-bench/corpus/csvtools.lua,csvtools_stats_percentiles,full_file_generation,142784.7990989685,0,4438,2025-08-19T01:20:22.206537,True,1
benchmark,claude-opus-4.1,/Users/dhruvbhatia/CODE/misc/morph/coding-agent-bench/corpus/csvtools.lua,csvtools_join_on_key,full_file_generation,142896.64912223816,0,4996,2025-08-19T01:20:25.653318,True,1
benchmark,claude-opus-4.1,/Users/dhruvbhatia/CODE/misc/morph/coding-agent-bench/corpus/csvtools.lua,csvtools_delete_sample,full_file_generation,110106.1110496521,0,3908,2025-08-19T01:20:28.509821,True,1
benchmark,gpt-5,/Users/dhruvbhatia/CODE/misc/morph/coding-agent-bench/corpus/csvtools.lua,csvtools_stats_percentiles,morph,80694.67782974243,2589.416980743408,1887,2025-08-19T01:20:45.722831,True,1
benchmark,gpt-o3,/Users/dhruvbhatia/CODE/misc/morph/coding-agent-bench/corpus/csvtools.lua,csvtools_tsv_autodetect,morph,46314.98193740845,2862.307071685791,408,2025-08-19T01:21:16.460940,True,1
benchmark,gpt-5,/Users/dhruvbhatia/CODE/misc/morph/coding-agent-bench/corpus/csvtools.lua,csvtools_delete_sample,morph,52334.2170715332,2329.4320106506348,464,2025-08-19T01:21:18.522184,True,1
benchmark,gpt-o3,/Users/dhruvbhatia/CODE/misc/morph/coding-agent-bench/corpus/csvtools.lua,csvtools_join_on_key,morph,45675.59027671814,2940.6819343566895,944,2025-08-19T01:21:18.870427,True,1
benchmark,claude-opus-4,/Users/dhruvbhatia/CODE/misc/morph/coding-agent-bench/corpus/csvtools.lua,csvtools_delete_sample,full_file_generation,134743.85404586792,0,3908,2025-08-19T01:21:25.494774,True,1
benchmark,gpt-5,/Users/dhruvbhatia/CODE/misc/morph/coding-agent-bench/corpus/csvtools.lua,csvtools_join_on_key,morph,195360.1038455963,2903.517246246338,5128,2025-08-19T01:21:39.706662,True,1
benchmark,gpt-o3,/Users/dhruvbhatia/CODE/misc/morph/coding-agent-bench/corpus/csvtools.lua,csvtools_stats_percentiles,morph,24484.32683944702,3545.835018157959,956,2025-08-19T01:21:55.281849,True,1
benchmark,claude-opus-4,/Users/dhruvbhatia/CODE/misc/morph/coding-agent-bench/corpus/visualizer.cc,rossler_attractor,full_file_generation,818422.6372241974,0,4779,2025-08-19T01:21:56.020736,True,1
benchmark,gpt-5,/Users/dhruvbhatia/CODE/misc/morph/coding-agent-bench/corpus/csvtools.lua,csvtools_delete_tojson,morph,123964.65587615967,2576.7080783843994,405,2025-08-19T01:21:58.499842,True,1
benchmark,gpt-5,/Users/dhruvbhatia/CODE/misc/morph/coding-agent-bench/corpus/csvtools.lua,csvtools_tsv_autodetect,full_file_generation,134071.4840888977,0,4375,2025-08-19T01:22:04.772376,True,1
benchmark,claude-opus-4,/Users/dhruvbhatia/CODE/misc/morph/coding-agent-bench/corpus/csvtools.lua,csvtools_stats_percentiles,full_file_generation,205431.2629699707,0,4315,2025-08-19T01:22:24.446750,True,1
benchmark,gpt-o3,/Users/dhruvbhatia/CODE/misc/morph/coding-agent-bench/corpus/csvtools.lua,csvtools_delete_sample,morph,17926.244735717773,2282.3119163513184,164,2025-08-19T01:22:27.217278,True,1
benchmark,gpt-o3,/Users/dhruvbhatia/CODE/misc/morph/coding-agent-bench/corpus/csvtools.lua,csvtools_tsv_autodetect,full_file_generation,69863.51799964905,0,4202,2025-08-19T01:22:28.010945,True,1
benchmark,gpt-o3,/Users/dhruvbhatia/CODE/misc/morph/coding-agent-bench/corpus/csvtools.lua,csvtools_delete_tojson,morph,38221.174001693726,2482.534885406494,261,2025-08-19T01:22:38.267256,True,1
benchmark,gpt-o3,/Users/dhruvbhatia/CODE/misc/morph/coding-agent-bench/corpus/csvtools.lua,csvtools_join_on_key,full_file_generation,88907.28187561035,0,4897,2025-08-19T01:22:49.623424,False,1
benchmark,gpt-5,/Users/dhruvbhatia/CODE/misc/morph/coding-agent-bench/corpus/csvtools.lua,csvtools_delete_sample,full_file_generation,102585.64710617065,0,3903,2025-08-19T01:23:04.042998,True,1
benchmark,claude-opus-4,/Users/dhruvbhatia/CODE/misc/morph/coding-agent-bench/corpus/csvtools.lua,csvtools_join_on_key,full_file_generation,229107.11908340454,0,4983,2025-08-19T01:23:05.567181,True,1
benchmark,gpt-o3,/Users/dhruvbhatia/CODE/misc/morph/coding-agent-bench/corpus/csvtools.lua,csvtools_stats_percentiles,full_file_generation,82862.05506324768,0,4311,2025-08-19T01:23:20.279101,True,1
benchmark,gpt-5,/Users/dhruvbhatia/CODE/misc/morph/coding-agent-bench/corpus/csvtools.lua,csvtools_delete_tojson,full_file_generation,90140.96283912659,0,3858,2025-08-19T01:23:30.430516,True,1
benchmark,gpt-o3,/Users/dhruvbhatia/CODE/misc/morph/coding-agent-bench/corpus/csvtools.lua,csvtools_delete_sample,full_file_generation,67009.12380218506,0,3903,2025-08-19T01:23:35.968495,False,1
benchmark,claude-opus-4.1,/Users/dhruvbhatia/CODE/misc/morph/coding-agent-bench/corpus/csvtools.lua,csvtools_delete_tojson,full_file_generation,314811.48076057434,0,3858,2025-08-19T01:23:40.450983,True,1
benchmark,gpt-5,/Users/dhruvbhatia/CODE/misc/morph/coding-agent-bench/corpus/csvtools.lua,csvtools_stats_percentiles,full_file_generation,175478.4779548645,0,4556,2025-08-19T01:23:42.986197,True,1
benchmark,gpt-o3,/Users/dhruvbhatia/CODE/misc/morph/coding-agent-bench/corpus/csvtools.lua,csvtools_delete_tojson,full_file_generation,75827.11291313171,0,3858,2025-08-19T01:23:55.792918,False,1
benchmark,gpt-5,/Users/dhruvbhatia/CODE/misc/morph/coding-agent-bench/corpus/csvtools.lua,csvtools_join_on_key,full_file_generation,163497.03812599182,0,5002,2025-08-19T01:24:25.164200,True,1
benchmark,claude-opus-4,/Users/dhruvbhatia/CODE/misc/morph/coding-agent-bench/corpus/csvtools.lua,csvtools_delete_tojson,full_file_generation,459511.5568637848,0,3863,2025-08-19T01:26:56.777958,True,1
benchmark,claude-opus-4,/Users/dhruvbhatia/CODE/misc/morph/coding-agent-bench/corpus/csvtools.lua,csvtools_tsv_autodetect,full_file_generation,518479.4969558716,0,4278,2025-08-19T01:27:18.594627,True,1
