benchmark_id ,model             ,file                                                                              ,query_id                                          ,method               ,redundant_tokens ,time_generate_ms    ,time_apply_ms ,total_tokens ,timestamp                  ,is_correct ,iterations
benchmark    ,gpt-4o            ,/Users/dhruvbhatia/CODE/misc/morph/coding-agent-bench/corpus/day.tsx              ,day_extract_isOutsideMonth                        ,full_file_generation ,               0 , 12851.164102554321 ,            0 ,        8524 ,2025-08-17T01:39:03.656219 ,True       ,         1
benchmark    ,gpt-4o            ,/Users/dhruvbhatia/CODE/misc/morph/coding-agent-bench/corpus/Canvas.ts            ,fix_setStyle_key_collection                       ,full_file_generation ,               0 , 15537.511825561523 ,            0 ,        9867 ,2025-08-17T01:39:05.936016 ,True       ,         1
benchmark    ,gpt-o4-mini       ,/Users/dhruvbhatia/CODE/misc/morph/coding-agent-bench/corpus/Canvas.ts            ,fix_setStyle_key_collection                       ,full_file_generation ,              92 , 47511.220932006836 ,            0 ,       10456 ,2025-08-17T01:39:38.208007 ,True       ,         1
benchmark    ,gpt-o4-mini       ,/Users/dhruvbhatia/CODE/misc/morph/coding-agent-bench/corpus/day.tsx              ,day_extract_isOutsideMonth                        ,full_file_generation ,             142 , 56295.12000083923  ,            0 ,       10936 ,2025-08-17T01:39:46.905190 ,True       ,         1
benchmark    ,claude-sonnet-4   ,/Users/dhruvbhatia/CODE/misc/morph/coding-agent-bench/corpus/day.tsx              ,day_extract_isOutsideMonth                        ,full_file_generation ,               0 , 65331.60877227783  ,            0 ,        5918 ,2025-08-17T01:39:55.815995 ,True       ,         1
benchmark    ,claude-sonnet-4   ,/Users/dhruvbhatia/CODE/misc/morph/coding-agent-bench/corpus/Canvas.ts            ,fix_setStyle_key_collection                       ,full_file_generation ,               0 , 69770.73907852173  ,            0 ,        6532 ,2025-08-17T01:40:00.393502 ,True       ,         1
benchmark    ,claude-sonnet-3.7 ,/Users/dhruvbhatia/CODE/misc/morph/coding-agent-bench/corpus/day.tsx              ,day_extract_isOutsideMonth                        ,full_file_generation ,               0 , 78631.82497024536  ,            0 ,        5918 ,2025-08-17T01:40:09.067656 ,True       ,         1
benchmark    ,gpt-4o            ,/Users/dhruvbhatia/CODE/misc/morph/coding-agent-bench/corpus/day.tsx              ,refactor_classnames                               ,full_file_generation ,               0 , 65403.1879901886   ,            0 ,        8472 ,2025-08-17T01:40:11.002796 ,True       ,         1
benchmark    ,claude-sonnet-3.7 ,/Users/dhruvbhatia/CODE/misc/morph/coding-agent-bench/corpus/Canvas.ts            ,fix_setStyle_key_collection                       ,full_file_generation ,               0 , 82713.387966156    ,            0 ,        6532 ,2025-08-17T01:40:13.844740 ,True       ,         1
benchmark    ,gpt-o3            ,/Users/dhruvbhatia/CODE/misc/morph/coding-agent-bench/corpus/Canvas.ts            ,fix_setStyle_key_collection                       ,full_file_generation ,              92 , 88058.38775634766  ,            0 ,       10200 ,2025-08-17T01:40:18.793025 ,True       ,         1
benchmark    ,gpt-4o            ,/Users/dhruvbhatia/CODE/misc/morph/coding-agent-bench/corpus/Canvas.ts            ,refactor_setStyle_diff_and_return                 ,full_file_generation ,               0 , 75891.54720306396  ,            0 ,        9959 ,2025-08-17T01:40:24.857499 ,True       ,         1
benchmark    ,gpt-o4-mini       ,/Users/dhruvbhatia/CODE/misc/morph/coding-agent-bench/corpus/day.tsx              ,refactor_classnames                               ,full_file_generation ,             142 , 50691.908836364746 ,            0 ,        9879 ,2025-08-17T01:40:39.355723 ,True       ,         1
benchmark    ,gpt-4o            ,/Users/dhruvbhatia/CODE/misc/morph/coding-agent-bench/corpus/day.tsx              ,day_tsdoc_all_methods                             ,full_file_generation ,               0 , 34204.26797866821  ,            0 ,        6481 ,2025-08-17T01:40:47.173088 ,False      ,         1
benchmark    ,gpt-o3            ,/Users/dhruvbhatia/CODE/misc/morph/coding-agent-bench/corpus/day.tsx              ,day_extract_isOutsideMonth                        ,full_file_generation ,             142 ,120001.69706344604  ,            0 ,       11329 ,2025-08-17T01:40:50.443022 ,True       ,         1
benchmark    ,claude-opus-4.1   ,/Users/dhruvbhatia/CODE/misc/morph/coding-agent-bench/corpus/day.tsx              ,day_extract_isOutsideMonth                        ,full_file_generation ,               0 ,125572.13973999023  ,            0 ,        5918 ,2025-08-17T01:40:56.143540 ,True       ,         1
benchmark    ,gpt-o4-mini       ,/Users/dhruvbhatia/CODE/misc/morph/coding-agent-bench/corpus/Canvas.ts            ,refactor_setStyle_diff_and_return                 ,full_file_generation ,              92 , 76338.26112747192  ,            0 ,       13215 ,2025-08-17T01:40:56.391483 ,True       ,         1
benchmark    ,claude-sonnet-4   ,/Users/dhruvbhatia/CODE/misc/morph/coding-agent-bench/corpus/day.tsx              ,refactor_classnames                               ,full_file_generation ,               0 , 62494.38214302063  ,            0 ,        5896 ,2025-08-17T01:41:00.079231 ,True       ,         1
benchmark    ,claude-sonnet-4   ,/Users/dhruvbhatia/CODE/misc/morph/coding-agent-bench/corpus/Canvas.ts            ,refactor_setStyle_diff_and_return                 ,full_file_generation ,               0 , 70871.60801887512  ,            0 ,        6530 ,2025-08-17T01:41:13.289364 ,True       ,         1
benchmark    ,claude-opus-4.1   ,/Users/dhruvbhatia/CODE/misc/morph/coding-agent-bench/corpus/Canvas.ts            ,fix_setStyle_key_collection                       ,full_file_generation ,               0 ,143343.46890449524  ,            0 ,        6532 ,2025-08-17T01:41:13.864805 ,True       ,         1
benchmark    ,claude-sonnet-3.7 ,/Users/dhruvbhatia/CODE/misc/morph/coding-agent-bench/corpus/day.tsx              ,refactor_classnames                               ,full_file_generation ,               0 , 78029.09207344055  ,            0 ,        5896 ,2025-08-17T01:41:28.674742 ,True       ,         1
benchmark    ,gpt-o4-mini       ,/Users/dhruvbhatia/CODE/misc/morph/coding-agent-bench/corpus/day.tsx              ,day_tsdoc_all_methods                             ,full_file_generation ,             117 , 55854.05397415161  ,            0 ,       10976 ,2025-08-17T01:41:37.405939 ,True       ,         1
benchmark    ,gpt-4o            ,/Users/dhruvbhatia/CODE/misc/morph/coding-agent-bench/corpus/Canvas.ts            ,extract_important_constant                        ,full_file_generation ,               0 , 73709.20324325562  ,            0 ,        9878 ,2025-08-17T01:41:40.213757 ,True       ,         1
benchmark    ,claude-sonnet-3.7 ,/Users/dhruvbhatia/CODE/misc/morph/coding-agent-bench/corpus/Canvas.ts            ,refactor_setStyle_diff_and_return                 ,full_file_generation ,               0 , 85392.55809783936  ,            0 ,        6530 ,2025-08-17T01:41:41.192629 ,True       ,         1
benchmark    ,gpt-o4-mini       ,/Users/dhruvbhatia/CODE/misc/morph/coding-agent-bench/corpus/Canvas.ts            ,extract_important_constant                        ,full_file_generation ,              92 , 49805.72700500488  ,            0 ,       10339 ,2025-08-17T01:41:47.904367 ,True       ,         1
benchmark    ,gpt-4o            ,/Users/dhruvbhatia/CODE/misc/morph/coding-agent-bench/corpus/day.tsx              ,extract_constant                                  ,full_file_generation ,               1 , 70054.54897880554  ,            0 ,        8818 ,2025-08-17T01:41:58.814620 ,True       ,         1
benchmark    ,gpt-o3            ,/Users/dhruvbhatia/CODE/misc/morph/coding-agent-bench/corpus/day.tsx              ,refactor_classnames                               ,full_file_generation ,             142 , 73168.76196861267  ,            0 ,        9227 ,2025-08-17T01:42:05.177300 ,True       ,         1
benchmark    ,gpt-o4-mini       ,/Users/dhruvbhatia/CODE/misc/morph/coding-agent-bench/corpus/day.tsx              ,extract_constant                                  ,full_file_generation ,             117 , 45101.300954818726 ,            0 ,        9727 ,2025-08-17T01:42:24.218614 ,True       ,         1
benchmark    ,claude-sonnet-4   ,/Users/dhruvbhatia/CODE/misc/morph/coding-agent-bench/corpus/Canvas.ts            ,extract_important_constant                        ,full_file_generation ,               0 , 70954.73790168762  ,            0 ,        6535 ,2025-08-17T01:42:26.177966 ,True       ,         1
benchmark    ,claude-opus-4     ,/Users/dhruvbhatia/CODE/misc/morph/coding-agent-bench/corpus/Canvas.ts            ,fix_setStyle_key_collection                       ,full_file_generation ,               0 ,218994.84014511108  ,            0 ,        6532 ,2025-08-17T01:42:29.587953 ,True       ,         1
benchmark    ,claude-sonnet-4   ,/Users/dhruvbhatia/CODE/misc/morph/coding-agent-bench/corpus/day.tsx              ,day_tsdoc_all_methods                             ,full_file_generation ,               0 , 89788.81096839905  ,            0 ,        5895 ,2025-08-17T01:42:32.436613 ,True       ,         1
benchmark    ,gpt-o4-mini       ,/Users/dhruvbhatia/CODE/misc/morph/coding-agent-bench/corpus/Canvas.ts            ,extract_paint_helpers                             ,full_file_generation ,              92 , 56086.294174194336 ,            0 ,       11585 ,2025-08-17T01:42:45.779742 ,True       ,         1
benchmark    ,gpt-o3            ,/Users/dhruvbhatia/CODE/misc/morph/coding-agent-bench/corpus/Canvas.ts            ,refactor_setStyle_diff_and_return                 ,full_file_generation ,              92 ,148162.88375854492  ,            0 ,       14206 ,2025-08-17T01:42:48.825741 ,True       ,         1
benchmark    ,claude-opus-4     ,/Users/dhruvbhatia/CODE/misc/morph/coding-agent-bench/corpus/day.tsx              ,day_extract_isOutsideMonth                        ,full_file_generation ,               0 ,251086.1577987671   ,            0 ,        5918 ,2025-08-17T01:43:01.675998 ,True       ,         1
benchmark    ,gpt-4o            ,/Users/dhruvbhatia/CODE/misc/morph/coding-agent-bench/corpus/Canvas.ts            ,extract_paint_helpers                             ,full_file_generation ,               0 , 82101.8898487091   ,            0 ,        9916 ,2025-08-17T01:43:04.283865 ,True       ,         1
benchmark    ,claude-sonnet-3.7 ,/Users/dhruvbhatia/CODE/misc/morph/coding-agent-bench/corpus/Canvas.ts            ,extract_important_constant                        ,full_file_generation ,               0 , 84115.63801765442  ,            0 ,        6535 ,2025-08-17T01:43:07.102340 ,True       ,         1
benchmark    ,claude-opus-4.1   ,/Users/dhruvbhatia/CODE/misc/morph/coding-agent-bench/corpus/day.tsx              ,refactor_classnames                               ,full_file_generation ,               0 ,131429.36825752258  ,            0 ,        5896 ,2025-08-17T01:43:09.543044 ,True       ,         1
benchmark    ,claude-sonnet-3.7 ,/Users/dhruvbhatia/CODE/misc/morph/coding-agent-bench/corpus/day.tsx              ,day_tsdoc_all_methods                             ,full_file_generation ,               0 , 99947.2827911377   ,            0 ,        5895 ,2025-08-17T01:43:11.028798 ,True       ,         1
benchmark    ,gpt-o4-mini       ,/Users/dhruvbhatia/CODE/misc/morph/coding-agent-bench/corpus/day.tsx              ,day_refactor_overlay_renderer                     ,full_file_generation ,             142 , 47909.470319747925 ,            0 ,        9581 ,2025-08-17T01:43:13.774556 ,True       ,         1
benchmark    ,gpt-4o            ,/Users/dhruvbhatia/CODE/misc/morph/coding-agent-bench/corpus/day.tsx              ,day_refactor_overlay_renderer                     ,full_file_generation ,               0 , 74069.99492645264  ,            0 ,        8507 ,2025-08-17T01:43:14.679913 ,True       ,         1
benchmark    ,claude-sonnet-4   ,/Users/dhruvbhatia/CODE/misc/morph/coding-agent-bench/corpus/Canvas.ts            ,extract_paint_helpers                             ,full_file_generation ,               0 , 68941.73812866211  ,            0 ,        6525 ,2025-08-17T01:43:36.852412 ,True       ,         1
benchmark    ,claude-sonnet-4   ,/Users/dhruvbhatia/CODE/misc/morph/coding-agent-bench/corpus/day.tsx              ,extract_constant                                  ,full_file_generation ,             117 , 62903.887033462524 ,            0 ,        5886 ,2025-08-17T01:43:36.869922 ,True       ,         1
benchmark    ,gpt-o4-mini       ,/Users/dhruvbhatia/CODE/misc/morph/coding-agent-bench/corpus/Canvas.ts            ,refactor_applyPreDrawUpdaters                     ,full_file_generation ,              92 , 53552.77490615845  ,            0 ,       10957 ,2025-08-17T01:43:41.434395 ,True       ,         1
benchmark    ,gpt-o3            ,/Users/dhruvbhatia/CODE/misc/morph/coding-agent-bench/corpus/day.tsx              ,day_tsdoc_all_methods                             ,full_file_generation ,             117 , 98908.09869766235  ,            0 ,       10885 ,2025-08-17T01:43:46.315463 ,True       ,         1
benchmark    ,claude-opus-4.1   ,/Users/dhruvbhatia/CODE/misc/morph/coding-agent-bench/corpus/Canvas.ts            ,refactor_setStyle_diff_and_return                 ,full_file_generation ,               0 ,166810.9748363495   ,            0 ,        6530 ,2025-08-17T01:44:02.873977 ,True       ,         1
benchmark    ,claude-sonnet-4   ,/Users/dhruvbhatia/CODE/misc/morph/coding-agent-bench/corpus/get_page_handler.ts  ,gph_build_preload_header_helper                   ,full_file_generation ,               0 , 62042.349100112915 ,            0 ,        4806 ,2025-08-17T01:44:17.198053 ,True       ,         1
benchmark    ,gpt-4o            ,/Users/dhruvbhatia/CODE/misc/morph/coding-agent-bench/corpus/Canvas.ts            ,refactor_applyPreDrawUpdaters                     ,full_file_generation ,               0 , 76575.75988769531  ,            0 ,       10090 ,2025-08-17T01:44:22.827144 ,True       ,         1
benchmark    ,claude-sonnet-3.7 ,/Users/dhruvbhatia/CODE/misc/morph/coding-agent-bench/corpus/day.tsx              ,extract_constant                                  ,full_file_generation ,               0 , 77831.81571960449  ,            0 ,        5886 ,2025-08-17T01:44:30.406656 ,True       ,         1
benchmark    ,gpt-o3            ,/Users/dhruvbhatia/CODE/misc/morph/coding-agent-bench/corpus/Canvas.ts            ,extract_important_constant                        ,full_file_generation ,              92 , 99416.20826721191  ,            0 ,       10531 ,2025-08-17T01:44:30.483532 ,True       ,         1
benchmark    ,claude-sonnet-3.7 ,/Users/dhruvbhatia/CODE/misc/morph/coding-agent-bench/corpus/Canvas.ts            ,extract_paint_helpers                             ,full_file_generation ,               0 , 83164.80207443237  ,            0 ,        6525 ,2025-08-17T01:44:32.269157 ,True       ,         1
benchmark    ,claude-sonnet-4   ,/Users/dhruvbhatia/CODE/misc/morph/coding-agent-bench/corpus/day.tsx              ,day_refactor_overlay_renderer                     ,full_file_generation ,             142 , 64307.50584602356  ,            0 ,        5901 ,2025-08-17T01:44:42.727697 ,True       ,         1
benchmark    ,claude-sonnet-4   ,/Users/dhruvbhatia/CODE/misc/morph/coding-agent-bench/corpus/Canvas.ts            ,refactor_applyPreDrawUpdaters                     ,full_file_generation ,               0 , 76271.24190330505  ,            0 ,        6530 ,2025-08-17T01:44:55.180086 ,True       ,         1
benchmark    ,gpt-4o            ,/Users/dhruvbhatia/CODE/misc/morph/coding-agent-bench/corpus/get_page_handler.ts  ,gph_build_preload_header_helper                   ,full_file_generation ,               0 , 13437.401056289673 ,            0 ,        7583 ,2025-08-17T01:44:57.631112 ,True       ,         1
benchmark    ,claude-sonnet-4   ,/Users/dhruvbhatia/CODE/misc/morph/coding-agent-bench/corpus/get_page_handler.ts  ,gph_set_html_content_type_helper                  ,full_file_generation ,               0 , 60123.228311538696 ,            0 ,        4788 ,2025-08-17T01:45:18.719883 ,True       ,         1
benchmark    ,claude-opus-4.1   ,/Users/dhruvbhatia/CODE/misc/morph/coding-agent-bench/corpus/get_page_handler.ts  ,gph_build_preload_header_helper                   ,full_file_generation ,               0 ,124389.04571533203  ,            0 ,        4806 ,2025-08-17T01:45:20.407243 ,True       ,         1
benchmark    ,gpt-o3            ,/Users/dhruvbhatia/CODE/misc/morph/coding-agent-bench/corpus/day.tsx              ,extract_constant                                  ,full_file_generation ,              23 , 98650.25520324707  ,            0 ,        9406 ,2025-08-17T01:45:26.583643 ,True       ,         1
benchmark    ,claude-sonnet-3.7 ,/Users/dhruvbhatia/CODE/misc/morph/coding-agent-bench/corpus/get_page_handler.ts  ,gph_build_preload_header_helper                   ,full_file_generation ,               0 , 66143.55778694153  ,            0 ,        4806 ,2025-08-17T01:45:30.414095 ,True       ,         1
benchmark    ,claude-opus-4     ,/Users/dhruvbhatia/CODE/misc/morph/coding-agent-bench/corpus/day.tsx              ,refactor_classnames                               ,full_file_generation ,               0 ,160252.90703773499  ,            0 ,        5896 ,2025-08-17T01:45:43.726264 ,True       ,         1
benchmark    ,claude-sonnet-3.7 ,/Users/dhruvbhatia/CODE/misc/morph/coding-agent-bench/corpus/day.tsx              ,day_refactor_overlay_renderer                     ,full_file_generation ,               0 , 77998.67177009583  ,            0 ,        5901 ,2025-08-17T01:45:50.133674 ,True       ,         1
benchmark    ,gpt-4o            ,/Users/dhruvbhatia/CODE/misc/morph/coding-agent-bench/corpus/get_page_handler.ts  ,gph_set_html_content_type_helper                  ,full_file_generation ,               0 , 53254.30202484131  ,            0 ,        7547 ,2025-08-17T01:45:53.034521 ,True       ,         1
benchmark    ,claude-sonnet-3.7 ,/Users/dhruvbhatia/CODE/misc/morph/coding-agent-bench/corpus/Canvas.ts            ,refactor_applyPreDrawUpdaters                     ,full_file_generation ,               0 , 87359.58290100098  ,            0 ,        6529 ,2025-08-17T01:46:01.769845 ,True       ,         1
benchmark    ,claude-opus-4     ,/Users/dhruvbhatia/CODE/misc/morph/coding-agent-bench/corpus/get_page_handler.ts  ,gph_build_preload_header_helper                   ,full_file_generation ,               0 ,139539.2608642578   ,            0 ,        4806 ,2025-08-17T01:46:02.413850 ,True       ,         1
benchmark    ,claude-opus-4.1   ,/Users/dhruvbhatia/CODE/misc/morph/coding-agent-bench/corpus/day.tsx              ,day_tsdoc_all_methods                             ,full_file_generation ,               0 ,180583.02402496338  ,            0 ,        5895 ,2025-08-17T01:46:12.087675 ,True       ,         1
benchmark    ,claude-opus-4     ,/Users/dhruvbhatia/CODE/misc/morph/coding-agent-bench/corpus/Canvas.ts            ,refactor_setStyle_diff_and_return                 ,full_file_generation ,               0 ,220933.9520931244   ,            0 ,        6530 ,2025-08-17T01:46:12.532868 ,True       ,         1
benchmark    ,claude-sonnet-4   ,/Users/dhruvbhatia/CODE/misc/morph/coding-agent-bench/corpus/get_page_handler.ts  ,gph_refactor_css_chunks_helper                    ,full_file_generation ,               0 , 59722.42784500122  ,            0 ,        4770 ,2025-08-17T01:46:20.012844 ,True       ,         1
benchmark    ,gpt-o3            ,/Users/dhruvbhatia/CODE/misc/morph/coding-agent-bench/corpus/Canvas.ts            ,extract_paint_helpers                             ,full_file_generation ,              92 ,110268.59903335571  ,            0 ,       11208 ,2025-08-17T01:46:22.690496 ,True       ,         1
benchmark    ,gpt-o3            ,/Users/dhruvbhatia/CODE/misc/morph/coding-agent-bench/corpus/get_page_handler.ts  ,gph_build_preload_header_helper                   ,full_file_generation ,             119 , 88838.17315101624  ,            0 ,        8945 ,2025-08-17T01:46:25.359207 ,True       ,         1
benchmark    ,claude-sonnet-3.7 ,/Users/dhruvbhatia/CODE/misc/morph/coding-agent-bench/corpus/get_page_handler.ts  ,gph_set_html_content_type_helper                  ,full_file_generation ,               0 , 65185.46915054321  ,            0 ,        4788 ,2025-08-17T01:46:37.224753 ,True       ,         1
benchmark    ,gpt-o4-mini       ,/Users/dhruvbhatia/CODE/misc/morph/coding-agent-bench/corpus/get_page_handler.ts  ,gph_build_preload_header_helper                   ,full_file_generation ,             119 , 56410.41302680969  ,            0 ,        9834 ,2025-08-17T01:46:48.584103 ,True       ,         1
benchmark    ,gpt-o3            ,/Users/dhruvbhatia/CODE/misc/morph/coding-agent-bench/corpus/day.tsx              ,day_refactor_overlay_renderer                     ,full_file_generation ,             142 , 81804.64506149292  ,            0 ,        9083 ,2025-08-17T01:46:50.470533 ,True       ,         1
benchmark    ,gpt-4o            ,/Users/dhruvbhatia/CODE/misc/morph/coding-agent-bench/corpus/get_page_handler.ts  ,gph_refactor_css_chunks_helper                    ,full_file_generation ,               0 , 58687.04104423523  ,            0 ,        7519 ,2025-08-17T01:46:53.184281 ,True       ,         1
benchmark    ,claude-sonnet-4   ,/Users/dhruvbhatia/CODE/misc/morph/coding-agent-bench/corpus/subgraph_rewriter.py ,sr_gm_optional_signature_and_guard                ,full_file_generation ,               1 , 60402.3871421814   ,            0 ,        4512 ,2025-08-17T01:47:03.429297 ,True       ,         1
benchmark    ,claude-opus-4.1   ,/Users/dhruvbhatia/CODE/misc/morph/coding-agent-bench/corpus/Canvas.ts            ,extract_important_constant                        ,full_file_generation ,               0 ,185427.3920059204   ,            0 ,        6535 ,2025-08-17T01:47:10.079927 ,True       ,         1
benchmark    ,claude-sonnet-4   ,/Users/dhruvbhatia/CODE/misc/morph/coding-agent-bench/corpus/get_page_handler.ts  ,gph_extract_safe_serialize_helper                 ,full_file_generation ,               0 , 60457.96203613281  ,            0 ,        4793 ,2025-08-17T01:47:21.774198 ,True       ,         1
benchmark    ,claude-opus-4.1   ,/Users/dhruvbhatia/CODE/misc/morph/coding-agent-bench/corpus/get_page_handler.ts  ,gph_set_html_content_type_helper                  ,full_file_generation ,               0 ,130182.56115913391  ,            0 ,        4788 ,2025-08-17T01:47:31.909704 ,True       ,         1
benchmark    ,gpt-o4-mini       ,/Users/dhruvbhatia/CODE/misc/morph/coding-agent-bench/corpus/get_page_handler.ts  ,gph_set_html_content_type_helper                  ,full_file_generation ,             119 , 43020.5397605896   ,            0 ,        8469 ,2025-08-17T01:47:37.412173 ,True       ,         1
benchmark    ,claude-sonnet-3.7 ,/Users/dhruvbhatia/CODE/misc/morph/coding-agent-bench/corpus/get_page_handler.ts  ,gph_refactor_css_chunks_helper                    ,full_file_generation ,               0 , 64991.59216880798  ,            0 ,        4770 ,2025-08-17T01:47:43.712365 ,True       ,         1
benchmark    ,gpt-o3            ,/Users/dhruvbhatia/CODE/misc/morph/coding-agent-bench/corpus/get_page_handler.ts  ,gph_set_html_content_type_helper                  ,full_file_generation ,             119 , 82452.48198509216  ,            0 ,        8104 ,2025-08-17T01:47:49.140301 ,True       ,         1
benchmark    ,gpt-4o            ,/Users/dhruvbhatia/CODE/misc/morph/coding-agent-bench/corpus/get_page_handler.ts  ,gph_extract_safe_serialize_helper                 ,full_file_generation ,               0 , 65826.99799537659  ,            0 ,        7543 ,2025-08-17T01:48:01.479281 ,False      ,         1
benchmark    ,claude-sonnet-4   ,/Users/dhruvbhatia/CODE/misc/morph/coding-agent-bench/corpus/subgraph_rewriter.py ,sr_extract_try_get_attr_helper                    ,full_file_generation ,             108 , 60672.178983688354 ,            0 ,        4502 ,2025-08-17T01:48:06.107501 ,True       ,         1
benchmark    ,gpt-o3            ,/Users/dhruvbhatia/CODE/misc/morph/coding-agent-bench/corpus/Canvas.ts            ,refactor_applyPreDrawUpdaters                     ,full_file_generation ,              92 ,116570.04308700562  ,            0 ,       10978 ,2025-08-17T01:48:21.105457 ,True       ,         1
benchmark    ,gpt-o4-mini       ,/Users/dhruvbhatia/CODE/misc/morph/coding-agent-bench/corpus/get_page_handler.ts  ,gph_refactor_css_chunks_helper                    ,full_file_generation ,             119 , 42552.10018157959  ,            0 ,        8586 ,2025-08-17T01:48:21.445098 ,True       ,         1
benchmark    ,claude-opus-4     ,/Users/dhruvbhatia/CODE/misc/morph/coding-agent-bench/corpus/get_page_handler.ts  ,gph_set_html_content_type_helper                  ,full_file_generation ,               0 ,138089.07985687256  ,            0 ,        4788 ,2025-08-17T01:48:21.764697 ,True       ,         1
benchmark    ,claude-sonnet-4   ,/Users/dhruvbhatia/CODE/misc/morph/coding-agent-bench/corpus/get_page_handler.ts  ,gph_extract_fetch_credentials_helper              ,full_file_generation ,               0 , 60783.560037612915 ,            0 ,        4790 ,2025-08-17T01:48:24.023580 ,True       ,         1
benchmark    ,claude-opus-4.1   ,/Users/dhruvbhatia/CODE/misc/morph/coding-agent-bench/corpus/day.tsx              ,extract_constant                                  ,full_file_generation ,               0 ,131251.27911567688  ,            0 ,        5886 ,2025-08-17T01:48:25.084885 ,True       ,         1
benchmark    ,claude-opus-4.1   ,/Users/dhruvbhatia/CODE/misc/morph/coding-agent-bench/corpus/subgraph_rewriter.py ,sr_gm_optional_signature_and_guard                ,full_file_generation ,               1 , 99655.2357673645   ,            0 ,        4512 ,2025-08-17T01:48:31.495545 ,True       ,         1
benchmark    ,claude-sonnet-3.7 ,/Users/dhruvbhatia/CODE/misc/morph/coding-agent-bench/corpus/get_page_handler.ts  ,gph_extract_safe_serialize_helper                 ,full_file_generation ,               0 , 65573.27604293823  ,            0 ,        4793 ,2025-08-17T01:48:50.755570 ,True       ,         1
benchmark    ,gpt-4o            ,/Users/dhruvbhatia/CODE/misc/morph/coding-agent-bench/corpus/get_page_handler.ts  ,gph_extract_fetch_credentials_helper              ,full_file_generation ,               0 , 56551.54728889465  ,            0 ,        7541 ,2025-08-17T01:48:59.736116 ,True       ,         1
benchmark    ,claude-sonnet-4   ,/Users/dhruvbhatia/CODE/misc/morph/coding-agent-bench/corpus/subgraph_rewriter.py ,sr_extract_graph_from_input_helper                ,full_file_generation ,               1 , 61607.446908950806 ,            0 ,        4534 ,2025-08-17T01:49:09.125988 ,True       ,         1
benchmark    ,gpt-4o            ,/Users/dhruvbhatia/CODE/misc/morph/coding-agent-bench/corpus/subgraph_rewriter.py ,sr_gm_optional_signature_and_guard                ,full_file_generation ,               1 , 12533.987760543823 ,            0 ,        7242 ,2025-08-17T01:49:14.477565 ,True       ,         1
benchmark    ,claude-opus-4     ,/Users/dhruvbhatia/CODE/misc/morph/coding-agent-bench/corpus/day.tsx              ,day_tsdoc_all_methods                             ,full_file_generation ,               0 ,210516.97206497192  ,            0 ,        5895 ,2025-08-17T01:49:16.301966 ,True       ,         1
benchmark    ,claude-opus-4.1   ,/Users/dhruvbhatia/CODE/misc/morph/coding-agent-bench/corpus/get_page_handler.ts  ,gph_refactor_css_chunks_helper                    ,full_file_generation ,               0 ,107184.46111679077  ,            0 ,        4770 ,2025-08-17T01:49:20.598299 ,True       ,         1
benchmark    ,gpt-o3            ,/Users/dhruvbhatia/CODE/misc/morph/coding-agent-bench/corpus/get_page_handler.ts  ,gph_refactor_css_chunks_helper                    ,full_file_generation ,             119 , 95107.61904716492  ,            0 ,        8523 ,2025-08-17T01:49:25.823258 ,True       ,         1
benchmark    ,claude-sonnet-3.7 ,/Users/dhruvbhatia/CODE/misc/morph/coding-agent-bench/corpus/subgraph_rewriter.py ,sr_gm_optional_signature_and_guard                ,full_file_generation ,             108 , 63119.60864067078  ,            0 ,        4512 ,2025-08-17T01:49:28.470307 ,True       ,         1
benchmark    ,claude-opus-4     ,/Users/dhruvbhatia/CODE/misc/morph/coding-agent-bench/corpus/Canvas.ts            ,extract_important_constant                        ,full_file_generation ,               0 ,206827.21304893494  ,            0 ,        6535 ,2025-08-17T01:49:41.196902 ,True       ,         1
benchmark    ,gpt-o4-mini       ,/Users/dhruvbhatia/CODE/misc/morph/coding-agent-bench/corpus/get_page_handler.ts  ,gph_extract_safe_serialize_helper                 ,full_file_generation ,             119 , 78987.9720211029   ,            0 ,       13511 ,2025-08-17T01:49:42.445526 ,True       ,         1
benchmark    ,claude-sonnet-3.7 ,/Users/dhruvbhatia/CODE/misc/morph/coding-agent-bench/corpus/get_page_handler.ts  ,gph_extract_fetch_credentials_helper              ,full_file_generation ,               0 , 64904.749155044556 ,            0 ,        4790 ,2025-08-17T01:49:57.294523 ,True       ,         1
benchmark    ,gpt-4o            ,/Users/dhruvbhatia/CODE/misc/morph/coding-agent-bench/corpus/subgraph_rewriter.py ,sr_extract_try_get_attr_helper                    ,full_file_generation ,               1 , 46018.62812042236  ,            0 ,        7166 ,2025-08-17T01:50:01.707936 ,True       ,         1
benchmark    ,claude-sonnet-4   ,/Users/dhruvbhatia/CODE/misc/morph/coding-agent-bench/corpus/subgraph_rewriter.py ,sr_fix_runtimeerror_message                       ,full_file_generation ,             108 , 59060.85181236267  ,            0 ,        4516 ,2025-08-17T01:50:09.582114 ,True       ,         1
benchmark    ,claude-opus-4.1   ,/Users/dhruvbhatia/CODE/misc/morph/coding-agent-bench/corpus/subgraph_rewriter.py ,sr_extract_try_get_attr_helper                    ,full_file_generation ,               1 , 98275.24304389954  ,            0 ,        4502 ,2025-08-17T01:50:11.314227 ,True       ,         1
benchmark    ,claude-opus-4.1   ,/Users/dhruvbhatia/CODE/misc/morph/coding-agent-bench/corpus/Canvas.ts            ,extract_paint_helpers                             ,full_file_generation ,               0 ,181437.19792366028  ,            0 ,        6525 ,2025-08-17T01:50:13.251543 ,True       ,         1
benchmark    ,claude-sonnet-3.7 ,/Users/dhruvbhatia/CODE/misc/morph/coding-agent-bench/corpus/subgraph_rewriter.py ,sr_extract_try_get_attr_helper                    ,full_file_generation ,             108 , 62903.658866882324 ,            0 ,        4502 ,2025-08-17T01:50:32.679359 ,True       ,         1
benchmark    ,gpt-o4-mini       ,/Users/dhruvbhatia/CODE/misc/morph/coding-agent-bench/corpus/get_page_handler.ts  ,gph_extract_fetch_credentials_helper              ,full_file_generation ,             119 , 51845.72410583496  ,            0 ,       10037 ,2025-08-17T01:50:36.544629 ,True       ,         1
benchmark    ,claude-opus-4.1   ,/Users/dhruvbhatia/CODE/misc/morph/coding-agent-bench/corpus/day.tsx              ,day_refactor_overlay_renderer                     ,full_file_generation ,               0 ,135861.48405075073  ,            0 ,        5901 ,2025-08-17T01:50:42.478101 ,True       ,         1
benchmark    ,gpt-o3            ,/Users/dhruvbhatia/CODE/misc/morph/coding-agent-bench/corpus/subgraph_rewriter.py ,sr_gm_optional_signature_and_guard                ,full_file_generation ,             108 , 50750.53906440735  ,            0 ,        6682 ,2025-08-17T01:50:49.343768 ,True       ,         1
benchmark    ,claude-opus-4     ,/Users/dhruvbhatia/CODE/misc/morph/coding-agent-bench/corpus/get_page_handler.ts  ,gph_refactor_css_chunks_helper                    ,full_file_generation ,               0 ,148226.7119884491   ,            0 ,        4770 ,2025-08-17T01:50:51.500078 ,True       ,         1
benchmark    ,gpt-o3            ,/Users/dhruvbhatia/CODE/misc/morph/coding-agent-bench/corpus/get_page_handler.ts  ,gph_extract_safe_serialize_helper                 ,full_file_generation ,             119 , 87634.1290473938   ,            0 ,        8246 ,2025-08-17T01:50:54.766353 ,True       ,         1
benchmark    ,claude-opus-4.1   ,/Users/dhruvbhatia/CODE/misc/morph/coding-agent-bench/corpus/get_page_handler.ts  ,gph_extract_safe_serialize_helper                 ,full_file_generation ,               0 ,106975.13508796692  ,            0 ,        4793 ,2025-08-17T01:51:09.116757 ,True       ,         1
benchmark    ,gpt-4o            ,/Users/dhruvbhatia/CODE/misc/morph/coding-agent-bench/corpus/subgraph_rewriter.py ,sr_extract_graph_from_input_helper                ,full_file_generation ,               1 , 71541.15104675293  ,            0 ,        7274 ,2025-08-17T01:51:14.712921 ,True       ,         1
benchmark    ,claude-sonnet-4   ,/Users/dhruvbhatia/CODE/misc/morph/coding-agent-bench/corpus/subgraph_rewriter.py ,sr_typing_backports                               ,full_file_generation ,              83 , 68159.6827507019   ,            0 ,        4525 ,2025-08-17T01:51:19.210588 ,True       ,         1
benchmark    ,gpt-o4-mini       ,/Users/dhruvbhatia/CODE/misc/morph/coding-agent-bench/corpus/subgraph_rewriter.py ,sr_gm_optional_signature_and_guard                ,full_file_generation ,             108 , 44432.01398849487  ,            0 ,        8636 ,2025-08-17T01:51:22.327777 ,True       ,         1
benchmark    ,claude-opus-4     ,/Users/dhruvbhatia/CODE/misc/morph/coding-agent-bench/corpus/subgraph_rewriter.py ,sr_gm_optional_signature_and_guard                ,full_file_generation ,               1 ,194107.31410980225  ,            0 ,        4512 ,2025-08-17T01:51:36.674548 ,True       ,         1
benchmark    ,claude-sonnet-3.7 ,/Users/dhruvbhatia/CODE/misc/morph/coding-agent-bench/corpus/subgraph_rewriter.py ,sr_extract_graph_from_input_helper                ,full_file_generation ,               1 , 62843.122243881226 ,            0 ,        4534 ,2025-08-17T01:51:36.793658 ,True       ,         1
benchmark    ,gpt-o4-mini       ,/Users/dhruvbhatia/CODE/misc/morph/coding-agent-bench/corpus/subgraph_rewriter.py ,sr_extract_try_get_attr_helper                    ,full_file_generation ,              67 , 42515.75779914856  ,            0 ,        8842 ,2025-08-17T01:52:06.261212 ,True       ,         1
benchmark    ,claude-opus-4.1   ,/Users/dhruvbhatia/CODE/misc/morph/coding-agent-bench/corpus/subgraph_rewriter.py ,sr_extract_graph_from_input_helper                ,full_file_generation ,               1 ,113592.01002120972  ,            0 ,        4534 ,2025-08-17T01:52:06.329836 ,True       ,         1
benchmark    ,gpt-4o            ,/Users/dhruvbhatia/CODE/misc/morph/coding-agent-bench/corpus/subgraph_rewriter.py ,sr_fix_runtimeerror_message                       ,full_file_generation ,               1 , 50680.458068847656 ,            0 ,        7177 ,2025-08-17T01:52:06.821456 ,True       ,         1
benchmark    ,gpt-o3            ,/Users/dhruvbhatia/CODE/misc/morph/coding-agent-bench/corpus/subgraph_rewriter.py ,sr_extract_try_get_attr_helper                    ,full_file_generation ,             108 , 77630.19490242004  ,            0 ,        7597 ,2025-08-17T01:52:08.498073 ,True       ,         1
benchmark    ,claude-opus-4     ,/Users/dhruvbhatia/CODE/misc/morph/coding-agent-bench/corpus/day.tsx              ,extract_constant                                  ,full_file_generation ,               0 ,179208.59098434448  ,            0 ,        5886 ,2025-08-17T01:52:17.320101 ,True       ,         1
benchmark    ,claude-sonnet-3.7 ,/Users/dhruvbhatia/CODE/misc/morph/coding-agent-bench/corpus/subgraph_rewriter.py ,sr_fix_runtimeerror_message                       ,full_file_generation ,               1 , 62102.86617279053  ,            0 ,        4516 ,2025-08-17T01:52:40.433530 ,True       ,         1
benchmark    ,claude-opus-4.1   ,/Users/dhruvbhatia/CODE/misc/morph/coding-agent-bench/corpus/Canvas.ts            ,refactor_applyPreDrawUpdaters                     ,full_file_generation ,               0 ,150342.21267700195  ,            0 ,        6527 ,2025-08-17T01:52:45.546361 ,True       ,         1
benchmark    ,claude-sonnet-4   ,/Users/dhruvbhatia/CODE/misc/morph/coding-agent-bench/corpus/QueryExecution.scala ,qe_method_lazyAnalyzed                            ,full_file_generation ,             106 ,128292.17195510864  ,            0 ,        8222 ,2025-08-17T01:52:52.720147 ,True       ,         1
benchmark    ,claude-opus-4.1   ,/Users/dhruvbhatia/CODE/misc/morph/coding-agent-bench/corpus/get_page_handler.ts  ,gph_extract_fetch_credentials_helper              ,full_file_generation ,               0 ,103565.48285484314  ,            0 ,        4790 ,2025-08-17T01:52:54.284097 ,True       ,         1
benchmark    ,gpt-o3            ,/Users/dhruvbhatia/CODE/misc/morph/coding-agent-bench/corpus/get_page_handler.ts  ,gph_extract_fetch_credentials_helper              ,full_file_generation ,             119 ,126922.29890823364  ,            0 ,       10205 ,2025-08-17T01:53:03.177185 ,True       ,         1
benchmark    ,gpt-o4-mini       ,/Users/dhruvbhatia/CODE/misc/morph/coding-agent-bench/corpus/subgraph_rewriter.py ,sr_extract_graph_from_input_helper                ,full_file_generation ,             108 , 56169.38304901123  ,            0 ,        9117 ,2025-08-17T01:53:04.244728 ,True       ,         1
benchmark    ,gpt-4o            ,/Users/dhruvbhatia/CODE/misc/morph/coding-agent-bench/corpus/subgraph_rewriter.py ,sr_typing_backports                               ,full_file_generation ,               1 , 63275.74920654297  ,            0 ,        7191 ,2025-08-17T01:53:11.702423 ,True       ,         1
benchmark    ,claude-opus-4     ,/Users/dhruvbhatia/CODE/misc/morph/coding-agent-bench/corpus/Canvas.ts            ,extract_paint_helpers                             ,full_file_generation ,               0 ,218110.91208457947  ,            0 ,        6525 ,2025-08-17T01:53:21.169573 ,True       ,         1
benchmark    ,claude-opus-4.1   ,/Users/dhruvbhatia/CODE/misc/morph/coding-agent-bench/corpus/subgraph_rewriter.py ,sr_fix_runtimeerror_message                       ,full_file_generation ,               1 , 77501.70922279358  ,            0 ,        4516 ,2025-08-17T01:53:25.235838 ,True       ,         1
benchmark    ,claude-opus-4     ,/Users/dhruvbhatia/CODE/misc/morph/coding-agent-bench/corpus/get_page_handler.ts  ,gph_extract_safe_serialize_helper                 ,full_file_generation ,               0 ,153421.0000038147   ,            0 ,        4793 ,2025-08-17T01:53:26.389095 ,True       ,         1
benchmark    ,claude-opus-4.1   ,/Users/dhruvbhatia/CODE/misc/morph/coding-agent-bench/corpus/QueryExecution.scala ,qe_method_lazyAnalyzed                            ,full_file_generation ,               0 ,138663.0940437317   ,            0 ,        8222 ,2025-08-17T01:53:39.991815 ,True       ,         1
benchmark    ,gpt-o4-mini       ,/Users/dhruvbhatia/CODE/misc/morph/coding-agent-bench/corpus/subgraph_rewriter.py ,sr_fix_runtimeerror_message                       ,full_file_generation ,             108 , 34836.660861968994 ,            0 ,        7892 ,2025-08-17T01:53:40.561739 ,True       ,         1
benchmark    ,claude-sonnet-3.7 ,/Users/dhruvbhatia/CODE/misc/morph/coding-agent-bench/corpus/subgraph_rewriter.py ,sr_typing_backports                               ,full_file_generation ,               1 , 63216.6690826416   ,            0 ,        4525 ,2025-08-17T01:53:44.950809 ,True       ,         1
benchmark    ,claude-opus-4     ,/Users/dhruvbhatia/CODE/misc/morph/coding-agent-bench/corpus/subgraph_rewriter.py ,sr_extract_try_get_attr_helper                    ,full_file_generation ,               1 ,133330.3780555725   ,            0 ,        4502 ,2025-08-17T01:53:51.309969 ,True       ,         1
benchmark    ,gpt-o3            ,/Users/dhruvbhatia/CODE/misc/morph/coding-agent-bench/corpus/subgraph_rewriter.py ,sr_extract_graph_from_input_helper                ,full_file_generation ,             108 ,122099.4188785553   ,            0 ,        9545 ,2025-08-17T01:54:11.862887 ,True       ,         1
benchmark    ,gpt-o4-mini       ,/Users/dhruvbhatia/CODE/misc/morph/coding-agent-bench/corpus/subgraph_rewriter.py ,sr_typing_backports                               ,full_file_generation ,              83 , 52003.85928153992  ,            0 ,        9508 ,2025-08-17T01:54:34.107118 ,True       ,         1
benchmark    ,gpt-o4-mini       ,/Users/dhruvbhatia/CODE/misc/morph/coding-agent-bench/corpus/QueryExecution.scala ,qe_method_lazyAnalyzed                            ,full_file_generation ,             106 , 61293.328285217285 ,            0 ,       13078 ,2025-08-17T01:54:48.421410 ,True       ,         1
benchmark    ,gpt-4o            ,/Users/dhruvbhatia/CODE/misc/morph/coding-agent-bench/corpus/QueryExecution.scala ,qe_method_lazyAnalyzed                            ,full_file_generation ,               0 ,108731.60815238953  ,            0 ,       12299 ,2025-08-17T01:54:54.047357 ,True       ,         1
benchmark    ,claude-sonnet-3.7 ,/Users/dhruvbhatia/CODE/misc/morph/coding-agent-bench/corpus/QueryExecution.scala ,qe_method_lazyAnalyzed                            ,full_file_generation ,             106 ,130149.59597587585  ,            0 ,        8222 ,2025-08-17T01:55:06.576646 ,True       ,         1
benchmark    ,claude-sonnet-4   ,/Users/dhruvbhatia/CODE/misc/morph/coding-agent-bench/corpus/QueryExecution.scala ,qe_refactor_explainString_delegate                ,full_file_generation ,             106 ,138345.04199028015  ,            0 ,        8234 ,2025-08-17T01:55:13.360216 ,True       ,         1
benchmark    ,claude-opus-4     ,/Users/dhruvbhatia/CODE/misc/morph/coding-agent-bench/corpus/day.tsx              ,day_refactor_overlay_renderer                     ,full_file_generation ,               0 ,174548.36893081665  ,            0 ,        5901 ,2025-08-17T01:55:14.093198 ,True       ,         1
benchmark    ,claude-opus-4.1   ,/Users/dhruvbhatia/CODE/misc/morph/coding-agent-bench/corpus/subgraph_rewriter.py ,sr_typing_backports                               ,full_file_generation ,               1 ,115382.72786140442  ,            0 ,        4525 ,2025-08-17T01:55:22.049543 ,True       ,         1
benchmark    ,gpt-o3            ,/Users/dhruvbhatia/CODE/misc/morph/coding-agent-bench/corpus/subgraph_rewriter.py ,sr_fix_runtimeerror_message                       ,full_file_generation ,             108 , 84479.78711128235  ,            0 ,        7383 ,2025-08-17T01:55:37.665698 ,True       ,         1
benchmark    ,gpt-o3            ,/Users/dhruvbhatia/CODE/misc/morph/coding-agent-bench/corpus/QueryExecution.scala ,qe_method_lazyAnalyzed                            ,full_file_generation ,             106 ,144537.32776641846  ,            0 ,       12884 ,2025-08-17T01:55:38.337013 ,True       ,         1
benchmark    ,claude-opus-4     ,/Users/dhruvbhatia/CODE/misc/morph/coding-agent-bench/corpus/get_page_handler.ts  ,gph_extract_fetch_credentials_helper              ,full_file_generation ,               0 ,135301.0950088501   ,            0 ,        4790 ,2025-08-17T01:55:43.365608 ,True       ,         1
benchmark    ,gpt-o3            ,/Users/dhruvbhatia/CODE/misc/morph/coding-agent-bench/corpus/QueryExecution.scala ,qe_refactor_explainString_delegate                ,full_file_generation ,               0 , 21994.115829467773 ,            0 ,        7285 ,2025-08-17T01:56:02.316422 ,False      ,         1
benchmark    ,gpt-o4-mini       ,/Users/dhruvbhatia/CODE/misc/morph/coding-agent-bench/corpus/QueryExecution.scala ,qe_refactor_explainString_delegate                ,full_file_generation ,             106 , 75531.15701675415  ,            0 ,       13268 ,2025-08-17T01:56:06.066795 ,True       ,         1
benchmark    ,claude-sonnet-4   ,/Users/dhruvbhatia/CODE/misc/morph/coding-agent-bench/corpus/flappy-bird.html     ,design_bird                                       ,full_file_generation ,             146 , 97781.33392333984  ,            0 ,        7898 ,2025-08-17T01:56:14.054821 ,True       ,         1
benchmark    ,claude-opus-4     ,/Users/dhruvbhatia/CODE/misc/morph/coding-agent-bench/corpus/subgraph_rewriter.py ,sr_extract_graph_from_input_helper                ,full_file_generation ,               1 ,141423.32100868225  ,            0 ,        4534 ,2025-08-17T01:56:14.217713 ,True       ,         1
benchmark    ,gpt-4o            ,/Users/dhruvbhatia/CODE/misc/morph/coding-agent-bench/corpus/QueryExecution.scala ,qe_refactor_explainString_delegate                ,full_file_generation ,               0 , 92379.64797019958  ,            0 ,       12299 ,2025-08-17T01:56:28.565696 ,True       ,         1
benchmark    ,claude-opus-4     ,/Users/dhruvbhatia/CODE/misc/morph/coding-agent-bench/corpus/QueryExecution.scala ,qe_method_lazyAnalyzed                            ,full_file_generation ,               0 ,222466.82000160217  ,            0 ,        8222 ,2025-08-17T01:56:30.177761 ,True       ,         1
benchmark    ,claude-opus-4.1   ,/Users/dhruvbhatia/CODE/misc/morph/coding-agent-bench/corpus/QueryExecution.scala ,qe_refactor_explainString_delegate                ,full_file_generation ,               0 ,189711.5240097046   ,            0 ,        8234 ,2025-08-17T01:56:51.752583 ,True       ,         1
benchmark    ,claude-opus-4     ,/Users/dhruvbhatia/CODE/misc/morph/coding-agent-bench/corpus/Canvas.ts            ,refactor_applyPreDrawUpdaters                     ,full_file_generation ,               0 ,214075.8819580078   ,            0 ,        6527 ,2025-08-17T01:56:57.198621 ,True       ,         1
benchmark    ,gpt-o3            ,/Users/dhruvbhatia/CODE/misc/morph/coding-agent-bench/corpus/subgraph_rewriter.py ,sr_typing_backports                               ,full_file_generation ,              83 , 78612.33282089233  ,            0 ,        8037 ,2025-08-17T01:56:58.471250 ,True       ,         1
benchmark    ,claude-sonnet-3.7 ,/Users/dhruvbhatia/CODE/misc/morph/coding-agent-bench/corpus/QueryExecution.scala ,qe_refactor_explainString_delegate                ,full_file_generation ,             106 ,131424.71885681152  ,            0 ,        8234 ,2025-08-17T01:57:20.164208 ,True       ,         1
benchmark    ,claude-sonnet-4   ,/Users/dhruvbhatia/CODE/misc/morph/coding-agent-bench/corpus/QueryExecution.scala ,qe_assertSupported_refactor_and_flag_shortcircuit ,full_file_generation ,             106 ,134175.27413368225  ,            0 ,        8225 ,2025-08-17T01:57:29.757537 ,True       ,         1
benchmark    ,claude-sonnet-3.7 ,/Users/dhruvbhatia/CODE/misc/morph/coding-agent-bench/corpus/flappy-bird.html     ,design_bird                                       ,full_file_generation ,               0 ,109171.21505737305  ,            0 ,        7900 ,2025-08-17T01:57:34.545778 ,False      ,         1
benchmark    ,gpt-o4-mini       ,/Users/dhruvbhatia/CODE/misc/morph/coding-agent-bench/corpus/QueryExecution.scala ,qe_assertSupported_refactor_and_flag_shortcircuit ,full_file_generation ,             106 , 87310.27603149414  ,            0 ,       12631 ,2025-08-17T01:57:35.407763 ,True       ,         1
benchmark    ,gpt-o3            ,/Users/dhruvbhatia/CODE/misc/morph/coding-agent-bench/corpus/QueryExecution.scala ,qe_assertSupported_refactor_and_flag_shortcircuit ,full_file_generation ,             106 , 95176.91802978516  ,            0 ,       12654 ,2025-08-17T01:57:39.599312 ,True       ,         1
benchmark    ,claude-sonnet-4   ,/Users/dhruvbhatia/CODE/misc/morph/coding-agent-bench/corpus/flappy-bird.html     ,full_screen                                       ,full_file_generation ,             146 ,105855.27205467224  ,            0 ,        7904 ,2025-08-17T01:58:02.235950 ,True       ,         1
benchmark    ,gpt-4o            ,/Users/dhruvbhatia/CODE/misc/morph/coding-agent-bench/corpus/QueryExecution.scala ,qe_assertSupported_refactor_and_flag_shortcircuit ,full_file_generation ,               0 ,101330.7900428772   ,            0 ,       12296 ,2025-08-17T01:58:12.199173 ,True       ,         1
benchmark    ,gpt-4o            ,/Users/dhruvbhatia/CODE/misc/morph/coding-agent-bench/corpus/flappy-bird.html     ,design_bird                                       ,full_file_generation ,               0 ,100632.92217254639  ,            0 ,       12931 ,2025-08-17T01:58:39.981422 ,False      ,         1
benchmark    ,claude-opus-4.1   ,/Users/dhruvbhatia/CODE/misc/morph/coding-agent-bench/corpus/flappy-bird.html     ,design_bird                                       ,full_file_generation ,             146 ,220362.8740310669   ,            0 ,        7898 ,2025-08-17T01:58:56.638699 ,True       ,         1
benchmark    ,gpt-o3            ,/Users/dhruvbhatia/CODE/misc/morph/coding-agent-bench/corpus/flappy-bird.html     ,design_bird                                       ,full_file_generation ,               0 ,141207.64684677124  ,            0 ,       13755 ,2025-08-17T01:59:21.813894 ,True       ,         1
benchmark    ,claude-sonnet-3.7 ,/Users/dhruvbhatia/CODE/misc/morph/coding-agent-bench/corpus/flappy-bird.html     ,full_screen                                       ,full_file_generation ,             146 ,110207.63063430786  ,            0 ,        7904 ,2025-08-17T01:59:26.726261 ,False      ,         1
benchmark    ,gpt-4o            ,/Users/dhruvbhatia/CODE/misc/morph/coding-agent-bench/corpus/flappy-bird.html     ,full_screen                                       ,full_file_generation ,               0 , 48544.91996765137  ,            0 ,        9557 ,2025-08-17T01:59:30.739344 ,False      ,         1
benchmark    ,claude-sonnet-3.7 ,/Users/dhruvbhatia/CODE/misc/morph/coding-agent-bench/corpus/QueryExecution.scala ,qe_assertSupported_refactor_and_flag_shortcircuit ,full_file_generation ,             106 ,131458.52184295654  ,            0 ,        8225 ,2025-08-17T01:59:33.909976 ,True       ,         1
benchmark    ,gpt-4o            ,/Users/dhruvbhatia/CODE/misc/morph/coding-agent-bench/corpus/QueryExecution.scala ,qe_extract_append_section_helper                  ,full_file_generation ,               0 , 80353.84273529053  ,            0 ,       12417 ,2025-08-17T01:59:34.720345 ,True       ,         1
benchmark    ,claude-sonnet-4   ,/Users/dhruvbhatia/CODE/misc/morph/coding-agent-bench/corpus/QueryExecution.scala ,qe_extract_append_section_helper                  ,full_file_generation ,             106 ,124501.41906738281  ,            0 ,        8260 ,2025-08-17T01:59:36.368948 ,True       ,         1
benchmark    ,claude-sonnet-4   ,/Users/dhruvbhatia/CODE/misc/morph/coding-agent-bench/corpus/flappy-bird.html     ,random_emoji                                      ,full_file_generation ,             146 , 98461.58409118652  ,            0 ,        7907 ,2025-08-17T01:59:42.802692 ,True       ,         1
benchmark    ,gpt-o4-mini       ,/Users/dhruvbhatia/CODE/misc/morph/coding-agent-bench/corpus/QueryExecution.scala ,qe_extract_append_section_helper                  ,full_file_generation ,             106 ,128299.76296424866  ,            0 ,       17853 ,2025-08-17T01:59:45.797165 ,True       ,         1
benchmark    ,claude-opus-4     ,/Users/dhruvbhatia/CODE/misc/morph/coding-agent-bench/corpus/subgraph_rewriter.py ,sr_fix_runtimeerror_message                       ,full_file_generation ,               1 ,215746.15812301636  ,            0 ,        4516 ,2025-08-17T01:59:51.233339 ,True       ,         1
benchmark    ,claude-opus-4.1   ,/Users/dhruvbhatia/CODE/misc/morph/coding-agent-bench/corpus/QueryExecution.scala ,qe_assertSupported_refactor_and_flag_shortcircuit ,full_file_generation ,               0 ,206627.38728523254  ,            0 ,        8225 ,2025-08-17T02:00:20.453801 ,True       ,         1
benchmark    ,gpt-o3            ,/Users/dhruvbhatia/CODE/misc/morph/coding-agent-bench/corpus/QueryExecution.scala ,qe_extract_append_section_helper                  ,full_file_generation ,               0 ,193370.8779811859   ,            0 ,       17169 ,2025-08-17T02:00:55.484158 ,True       ,         1
benchmark    ,gpt-4o            ,/Users/dhruvbhatia/CODE/misc/morph/coding-agent-bench/corpus/flappy-bird.html     ,random_emoji                                      ,full_file_generation ,               0 , 83764.53399658203  ,            0 ,       12633 ,2025-08-17T02:00:56.686964 ,True       ,         1
benchmark    ,gpt-o4-mini       ,/Users/dhruvbhatia/CODE/misc/morph/coding-agent-bench/corpus/QueryExecution.scala ,qe_introduce_withPhase_helper                     ,full_file_generation ,             106 , 68934.20195579529  ,            0 ,       13807 ,2025-08-17T02:00:56.883140 ,True       ,         1
benchmark    ,gpt-4o            ,/Users/dhruvbhatia/CODE/misc/morph/coding-agent-bench/corpus/QueryExecution.scala ,qe_introduce_withPhase_helper                     ,full_file_generation ,               0 , 82817.18111038208  ,            0 ,       12323 ,2025-08-17T02:00:59.594829 ,True       ,         1
benchmark    ,claude-sonnet-3.7 ,/Users/dhruvbhatia/CODE/misc/morph/coding-agent-bench/corpus/flappy-bird.html     ,random_emoji                                      ,full_file_generation ,             146 ,104713.13190460205  ,            0 ,        7907 ,2025-08-17T02:01:13.702308 ,True       ,         1
benchmark    ,claude-sonnet-4   ,/Users/dhruvbhatia/CODE/misc/morph/coding-agent-bench/corpus/flappy-bird.html     ,gravity_multiplier                                ,full_file_generation ,             146 ,104562.43205070496  ,            0 ,        7903 ,2025-08-17T02:01:29.835509 ,True       ,         1
benchmark    ,gpt-o3            ,/Users/dhruvbhatia/CODE/misc/morph/coding-agent-bench/corpus/flappy-bird.html     ,full_screen                                       ,full_file_generation ,             146 ,130081.61997795105  ,            0 ,       15177 ,2025-08-17T02:01:33.904030 ,True       ,         1
benchmark    ,claude-sonnet-3.7 ,/Users/dhruvbhatia/CODE/misc/morph/coding-agent-bench/corpus/QueryExecution.scala ,qe_extract_append_section_helper                  ,full_file_generation ,             106 ,132533.527135849    ,            0 ,        8260 ,2025-08-17T02:01:48.658337 ,True       ,         1
benchmark    ,claude-sonnet-4   ,/Users/dhruvbhatia/CODE/misc/morph/coding-agent-bench/corpus/QueryExecution.scala ,qe_introduce_withPhase_helper                     ,full_file_generation ,             106 ,130899.84583854675  ,            0 ,        8238 ,2025-08-17T02:01:49.394881 ,True       ,         1
benchmark    ,gpt-4o            ,/Users/dhruvbhatia/CODE/misc/morph/coding-agent-bench/corpus/flappy-bird.html     ,gravity_multiplier                                ,full_file_generation ,               0 , 80797.03688621521  ,            0 ,       12959 ,2025-08-17T02:02:19.523299 ,False      ,         1
benchmark    ,claude-sonnet-4   ,/Users/dhruvbhatia/CODE/misc/morph/coding-agent-bench/corpus/visualizer.cc        ,visualizer_background_color                       ,full_file_generation ,             144 , 78607.59401321411  ,            0 ,        6033 ,2025-08-17T02:02:19.925375 ,True       ,         1
benchmark    ,gpt-o4-mini       ,/Users/dhruvbhatia/CODE/misc/morph/coding-agent-bench/corpus/flappy-bird.html     ,design_bird                                       ,full_file_generation ,             146 , 85734.63988304138  ,            0 ,       14887 ,2025-08-17T02:02:24.549416 ,True       ,         1
benchmark    ,claude-opus-4     ,/Users/dhruvbhatia/CODE/misc/morph/coding-agent-bench/corpus/flappy-bird.html     ,design_bird                                       ,full_file_generation ,             146 ,434264.2698287964   ,            0 ,        7898 ,2025-08-17T02:02:38.327522 ,True       ,         1
benchmark    ,claude-opus-4.1   ,/Users/dhruvbhatia/CODE/misc/morph/coding-agent-bench/corpus/flappy-bird.html     ,full_screen                                       ,full_file_generation ,             146 ,223276.98373794556  ,            0 ,        7904 ,2025-08-17T02:02:42.169576 ,True       ,         1
benchmark    ,gpt-4o            ,/Users/dhruvbhatia/CODE/misc/morph/coding-agent-bench/corpus/flappy-bird.html     ,cyberpunk_theme                                   ,full_file_generation ,               0 , 29173.48599433899  ,            0 ,        8535 ,2025-08-17T02:02:50.935447 ,False      ,         1
benchmark    ,claude-sonnet-3.7 ,/Users/dhruvbhatia/CODE/misc/morph/coding-agent-bench/corpus/flappy-bird.html     ,gravity_multiplier                                ,full_file_generation ,             146 ,108604.23493385315  ,            0 ,        7903 ,2025-08-17T02:03:04.630622 ,True       ,         1
benchmark    ,claude-sonnet-4   ,/Users/dhruvbhatia/CODE/misc/morph/coding-agent-bench/corpus/flappy-bird.html     ,cyberpunk_theme                                   ,full_file_generation ,              62 ,105401.42297744751  ,            0 ,        7899 ,2025-08-17T02:03:18.110307 ,True       ,         1
benchmark    ,gpt-o3            ,/Users/dhruvbhatia/CODE/misc/morph/coding-agent-bench/corpus/QueryExecution.scala ,qe_introduce_withPhase_helper                     ,full_file_generation ,             106 ,145967.4141407013   ,            0 ,       13060 ,2025-08-17T02:03:23.563924 ,True       ,         1
benchmark    ,claude-sonnet-4   ,/Users/dhruvbhatia/CODE/misc/morph/coding-agent-bench/corpus/visualizer.cc        ,toggle_colours                                    ,full_file_generation ,             128 , 70822.49283790588  ,            0 ,        6027 ,2025-08-17T02:03:32.543497 ,True       ,         1
benchmark    ,gpt-o3            ,/Users/dhruvbhatia/CODE/misc/morph/coding-agent-bench/corpus/flappy-bird.html     ,random_emoji                                      ,full_file_generation ,             146 ,129335.28399467468  ,            0 ,       13428 ,2025-08-17T02:03:45.288770 ,True       ,         1
benchmark    ,gpt-o4-mini       ,/Users/dhruvbhatia/CODE/misc/morph/coding-agent-bench/corpus/flappy-bird.html     ,full_screen                                       ,full_file_generation ,             146 , 83749.37891960144  ,            0 ,       15761 ,2025-08-17T02:03:50.534696 ,False      ,         1
benchmark    ,claude-opus-4.1   ,/Users/dhruvbhatia/CODE/misc/morph/coding-agent-bench/corpus/QueryExecution.scala ,qe_extract_append_section_helper                  ,full_file_generation ,               0 ,214964.28680419922  ,            0 ,        8260 ,2025-08-17T02:03:57.799455 ,True       ,         1
benchmark    ,claude-sonnet-3.7 ,/Users/dhruvbhatia/CODE/misc/morph/coding-agent-bench/corpus/QueryExecution.scala ,qe_introduce_withPhase_helper                     ,full_file_generation ,               0 ,131191.26081466675  ,            0 ,        8238 ,2025-08-17T02:04:02.198325 ,True       ,         1
benchmark    ,claude-opus-4     ,/Users/dhruvbhatia/CODE/misc/morph/coding-agent-bench/corpus/subgraph_rewriter.py ,sr_typing_backports                               ,full_file_generation ,               1 ,262574.71895217896  ,            0 ,        4525 ,2025-08-17T02:04:15.313533 ,True       ,         1
benchmark    ,gpt-4o            ,/Users/dhruvbhatia/CODE/misc/morph/coding-agent-bench/corpus/visualizer.cc        ,visualizer_background_color                       ,full_file_generation ,               0 , 63601.72486305237  ,            0 ,        9743 ,2025-08-17T02:04:28.875035 ,False      ,         1
benchmark    ,claude-opus-4     ,/Users/dhruvbhatia/CODE/misc/morph/coding-agent-bench/corpus/QueryExecution.scala ,qe_refactor_explainString_delegate                ,full_file_generation ,               0 ,477418.1230068207   ,            0 ,        8234 ,2025-08-17T02:04:29.669926 ,True       ,         1
benchmark    ,claude-sonnet-3.7 ,/Users/dhruvbhatia/CODE/misc/morph/coding-agent-bench/corpus/visualizer.cc        ,visualizer_background_color                       ,full_file_generation ,               0 , 84252.12502479553  ,            0 ,        6033 ,2025-08-17T02:04:44.223358 ,True       ,         1
benchmark    ,claude-sonnet-4   ,/Users/dhruvbhatia/CODE/misc/morph/coding-agent-bench/corpus/visualizer.cc        ,fps_counter                                       ,full_file_generation ,             144 , 74067.70396232605  ,            0 ,        6029 ,2025-08-17T02:04:48.303850 ,True       ,         1
benchmark    ,gpt-o4-mini       ,/Users/dhruvbhatia/CODE/misc/morph/coding-agent-bench/corpus/flappy-bird.html     ,random_emoji                                      ,full_file_generation ,             146 , 69365.78679084778  ,            0 ,       14706 ,2025-08-17T02:05:01.935184 ,True       ,         1
benchmark    ,claude-sonnet-3.7 ,/Users/dhruvbhatia/CODE/misc/morph/coding-agent-bench/corpus/flappy-bird.html     ,cyberpunk_theme                                   ,full_file_generation ,              73 ,114897.3331451416   ,            0 ,        7899 ,2025-08-17T02:05:02.372226 ,True       ,         1
benchmark    ,gpt-o4-mini       ,/Users/dhruvbhatia/CODE/misc/morph/coding-agent-bench/corpus/visualizer.cc        ,visualizer_background_color                       ,full_file_generation ,             144 , 52965.57378768921  ,            0 ,       11153 ,2025-08-17T02:05:09.912146 ,False      ,         1
benchmark    ,claude-opus-4.1   ,/Users/dhruvbhatia/CODE/misc/morph/coding-agent-bench/corpus/visualizer.cc        ,visualizer_background_color                       ,full_file_generation ,               0 ,210415.06004333496  ,            0 ,        6033 ,2025-08-17T02:05:21.484414 ,False      ,         1
benchmark    ,gpt-4o            ,/Users/dhruvbhatia/CODE/misc/morph/coding-agent-bench/corpus/visualizer.cc        ,toggle_colours                                    ,full_file_generation ,               0 , 64448.25530052185  ,            0 ,        9618 ,2025-08-17T02:05:35.010030 ,True       ,         1
benchmark    ,gpt-o3            ,/Users/dhruvbhatia/CODE/misc/morph/coding-agent-bench/corpus/visualizer.cc        ,visualizer_background_color                       ,full_file_generation ,             144 , 96340.82794189453  ,            0 ,       10754 ,2025-08-17T02:05:40.058592 ,True       ,         1
benchmark    ,gpt-o3            ,/Users/dhruvbhatia/CODE/misc/morph/coding-agent-bench/corpus/flappy-bird.html     ,gravity_multiplier                                ,full_file_generation ,             146 ,123953.64618301392  ,            0 ,       13754 ,2025-08-17T02:05:51.493689 ,True       ,         1
benchmark    ,claude-sonnet-4   ,/Users/dhruvbhatia/CODE/misc/morph/coding-agent-bench/corpus/visualizer.cc        ,rossler_attractor                                 ,full_file_generation ,               0 , 66080.3279876709   ,            0 ,        6038 ,2025-08-17T02:05:56.674959 ,True       ,         1
benchmark    ,claude-sonnet-3.7 ,/Users/dhruvbhatia/CODE/misc/morph/coding-agent-bench/corpus/visualizer.cc        ,toggle_colours                                    ,full_file_generation ,               0 , 79907.58562088013  ,            0 ,        6027 ,2025-08-17T02:06:05.895093 ,True       ,         1
benchmark    ,gpt-o4-mini       ,/Users/dhruvbhatia/CODE/misc/morph/coding-agent-bench/corpus/visualizer.cc        ,toggle_colours                                    ,full_file_generation ,             128 , 60078.70602607727  ,            0 ,       10901 ,2025-08-17T02:06:11.831418 ,True       ,         1
benchmark    ,gpt-o4-mini       ,/Users/dhruvbhatia/CODE/misc/morph/coding-agent-bench/corpus/flappy-bird.html     ,gravity_multiplier                                ,full_file_generation ,             146 , 79747.01690673828  ,            0 ,       14428 ,2025-08-17T02:06:24.028300 ,True       ,         1
benchmark    ,gpt-4o            ,/Users/dhruvbhatia/CODE/misc/morph/coding-agent-bench/corpus/visualizer.cc        ,fps_counter                                       ,full_file_generation ,               0 , 67460.89291572571  ,            0 ,        9726 ,2025-08-17T02:06:44.216253 ,True       ,         1
benchmark    ,gpt-o4-mini       ,/Users/dhruvbhatia/CODE/misc/morph/coding-agent-bench/corpus/visualizer.cc        ,fps_counter                                       ,full_file_generation ,             144 , 57594.28596496582  ,            0 ,       10833 ,2025-08-17T02:07:10.992329 ,True       ,         1
benchmark    ,gpt-o3            ,/Users/dhruvbhatia/CODE/misc/morph/coding-agent-bench/corpus/visualizer.cc        ,toggle_colours                                    ,full_file_generation ,             128 , 90715.50679206848  ,            0 ,       10001 ,2025-08-17T02:07:12.635886 ,True       ,         1
benchmark    ,claude-sonnet-4   ,/Users/dhruvbhatia/CODE/misc/morph/coding-agent-bench/corpus/visualizer.cc        ,toggle_two_attractors                             ,full_file_generation ,               0 , 74476.0799407959   ,            0 ,        6042 ,2025-08-17T02:07:13.161051 ,True       ,         1
benchmark    ,claude-sonnet-3.7 ,/Users/dhruvbhatia/CODE/misc/morph/coding-agent-bench/corpus/visualizer.cc        ,fps_counter                                       ,full_file_generation ,               0 , 80964.28394317627  ,            0 ,        6029 ,2025-08-17T02:07:28.570804 ,True       ,         1
benchmark    ,claude-opus-4.1   ,/Users/dhruvbhatia/CODE/misc/morph/coding-agent-bench/corpus/flappy-bird.html     ,random_emoji                                      ,full_file_generation ,             146 ,292951.51686668396  ,            0 ,        7907 ,2025-08-17T02:07:37.928599 ,True       ,         1
benchmark    ,gpt-o4-mini       ,/Users/dhruvbhatia/CODE/misc/morph/coding-agent-bench/corpus/flappy-bird.html     ,cyberpunk_theme                                   ,full_file_generation ,              62 , 79779.305934906    ,            0 ,       14954 ,2025-08-17T02:07:46.115140 ,True       ,         1
benchmark    ,gpt-4o            ,/Users/dhruvbhatia/CODE/misc/morph/coding-agent-bench/corpus/visualizer.cc        ,rossler_attractor                                 ,full_file_generation ,               0 , 60167.53697395325  ,            0 ,        9501 ,2025-08-17T02:07:46.315451 ,True       ,         1
benchmark    ,claude-opus-4     ,/Users/dhruvbhatia/CODE/misc/morph/coding-agent-bench/corpus/visualizer.cc        ,visualizer_background_color                       ,full_file_generation ,               0 ,301717.76485443115  ,            0 ,        6033 ,2025-08-17T02:07:54.364458 ,False      ,         1
benchmark    ,gpt-o3            ,/Users/dhruvbhatia/CODE/misc/morph/coding-agent-bench/corpus/flappy-bird.html     ,cyberpunk_theme                                   ,full_file_generation ,               0 ,123753.36289405823  ,            0 ,       13753 ,2025-08-17T02:07:58.215950 ,True       ,         1
benchmark    ,gpt-o4-mini       ,/Users/dhruvbhatia/CODE/misc/morph/coding-agent-bench/corpus/visualizer.cc        ,rossler_attractor                                 ,full_file_generation ,             135 , 55254.40692901611  ,            0 ,       10832 ,2025-08-17T02:08:08.255753 ,True       ,         1
benchmark    ,claude-opus-4.1   ,/Users/dhruvbhatia/CODE/misc/morph/coding-agent-bench/corpus/visualizer.cc        ,toggle_colours                                    ,full_file_generation ,               0 ,175084.42902565002  ,            0 ,        6027 ,2025-08-17T02:08:18.478045 ,True       ,         1
benchmark    ,claude-opus-4.1   ,/Users/dhruvbhatia/CODE/misc/morph/coding-agent-bench/corpus/QueryExecution.scala ,qe_introduce_withPhase_helper                     ,full_file_generation ,               0 ,266548.88916015625  ,            0 ,        8238 ,2025-08-17T02:08:26.564532 ,True       ,         1
benchmark    ,claude-sonnet-3.7 ,/Users/dhruvbhatia/CODE/misc/morph/coding-agent-bench/corpus/visualizer.cc        ,rossler_attractor                                 ,full_file_generation ,               0 , 77728.6958694458   ,            0 ,        6038 ,2025-08-17T02:08:48.344265 ,True       ,         1
benchmark    ,gpt-4o            ,/Users/dhruvbhatia/CODE/misc/morph/coding-agent-bench/corpus/visualizer.cc        ,toggle_two_attractors                             ,full_file_generation ,               0 , 69724.16925430298  ,            0 ,       10346 ,2025-08-17T02:08:57.990941 ,False      ,         1
benchmark    ,gpt-o3            ,/Users/dhruvbhatia/CODE/misc/morph/coding-agent-bench/corpus/visualizer.cc        ,fps_counter                                       ,full_file_generation ,             144 ,113712.29434013367  ,            0 ,       10559 ,2025-08-17T02:09:08.157433 ,True       ,         1
benchmark    ,gpt-o4-mini       ,/Users/dhruvbhatia/CODE/misc/morph/coding-agent-bench/corpus/visualizer.cc        ,toggle_two_attractors                             ,full_file_generation ,             144 , 76240.15808105469  ,            0 ,       11497 ,2025-08-17T02:09:26.215187 ,True       ,         1
benchmark    ,claude-opus-4     ,/Users/dhruvbhatia/CODE/misc/morph/coding-agent-bench/corpus/flappy-bird.html     ,full_screen                                       ,full_file_generation ,             146 ,458343.5959815979   ,            0 ,        7904 ,2025-08-17T02:10:19.002825 ,True       ,         1
benchmark    ,claude-sonnet-3.7 ,/Users/dhruvbhatia/CODE/misc/morph/coding-agent-bench/corpus/visualizer.cc        ,toggle_two_attractors                             ,full_file_generation ,               0 , 88893.03135871887  ,            0 ,        6042 ,2025-08-17T02:10:19.458038 ,True       ,         1
benchmark    ,gpt-o3            ,/Users/dhruvbhatia/CODE/misc/morph/coding-agent-bench/corpus/visualizer.cc        ,rossler_attractor                                 ,full_file_generation ,             135 ,114451.14779472351  ,            0 ,       10142 ,2025-08-17T02:11:04.635578 ,True       ,         1
benchmark    ,claude-opus-4.1   ,/Users/dhruvbhatia/CODE/misc/morph/coding-agent-bench/corpus/visualizer.cc        ,fps_counter                                       ,full_file_generation ,               0 ,166806.9109916687   ,            0 ,        6029 ,2025-08-17T02:11:07.751383 ,True       ,         1
benchmark    ,claude-opus-4.1   ,/Users/dhruvbhatia/CODE/misc/morph/coding-agent-bench/corpus/flappy-bird.html     ,gravity_multiplier                                ,full_file_generation ,             146 ,212771.62313461304  ,            0 ,        7903 ,2025-08-17T02:11:12.921002 ,True       ,         1
benchmark    ,claude-opus-4     ,/Users/dhruvbhatia/CODE/misc/morph/coding-agent-bench/corpus/QueryExecution.scala ,qe_assertSupported_refactor_and_flag_shortcircuit ,full_file_generation ,               0 ,452849.28917884827  ,            0 ,        8225 ,2025-08-17T02:12:04.624328 ,True       ,         1
benchmark    ,gpt-o3            ,/Users/dhruvbhatia/CODE/misc/morph/coding-agent-bench/corpus/visualizer.cc        ,toggle_two_attractors                             ,full_file_generation ,             134 ,116990.80395698547  ,            0 ,       11149 ,2025-08-17T02:13:03.557457 ,True       ,         1
benchmark    ,claude-opus-4     ,/Users/dhruvbhatia/CODE/misc/morph/coding-agent-bench/corpus/visualizer.cc        ,toggle_colours                                    ,full_file_generation ,               0 ,323953.115940094    ,            0 ,        6027 ,2025-08-17T02:13:19.989548 ,False      ,         1
benchmark    ,claude-opus-4.1   ,/Users/dhruvbhatia/CODE/misc/morph/coding-agent-bench/corpus/visualizer.cc        ,rossler_attractor                                 ,full_file_generation ,               0 ,160295.97282409668  ,            0 ,        6038 ,2025-08-17T02:13:49.818335 ,True       ,         1
benchmark    ,claude-opus-4.1   ,/Users/dhruvbhatia/CODE/misc/morph/coding-agent-bench/corpus/flappy-bird.html     ,cyberpunk_theme                                   ,full_file_generation ,              62 ,249451.1308670044   ,            0 ,        7899 ,2025-08-17T02:15:25.266529 ,True       ,         1
benchmark    ,claude-opus-4.1   ,/Users/dhruvbhatia/CODE/misc/morph/coding-agent-bench/corpus/visualizer.cc        ,toggle_two_attractors                             ,full_file_generation ,               0 ,189831.45689964294  ,            0 ,        6042 ,2025-08-17T02:17:01.714269 ,False      ,         1
benchmark    ,claude-opus-4     ,/Users/dhruvbhatia/CODE/misc/morph/coding-agent-bench/corpus/flappy-bird.html     ,random_emoji                                      ,full_file_generation ,             146 ,476188.6296272278   ,            0 ,        7907 ,2025-08-17T02:18:17.366936 ,True       ,         1
benchmark    ,claude-opus-4     ,/Users/dhruvbhatia/CODE/misc/morph/coding-agent-bench/corpus/visualizer.cc        ,fps_counter                                       ,full_file_generation ,               0 ,302386.07692718506  ,            0 ,        6029 ,2025-08-17T02:18:24.034910 ,False      ,         1
benchmark    ,claude-opus-4     ,/Users/dhruvbhatia/CODE/misc/morph/coding-agent-bench/corpus/QueryExecution.scala ,qe_extract_append_section_helper                  ,full_file_generation ,               0 ,383795.75085639954  ,            0 ,        8260 ,2025-08-17T02:18:30.514468 ,True       ,         1
benchmark    ,claude-opus-4     ,/Users/dhruvbhatia/CODE/misc/morph/coding-agent-bench/corpus/visualizer.cc        ,rossler_attractor                                 ,full_file_generation ,               0 ,273698.326587677    ,            0 ,        6038 ,2025-08-17T02:22:59.571937 ,True       ,         1
benchmark    ,claude-opus-4     ,/Users/dhruvbhatia/CODE/misc/morph/coding-agent-bench/corpus/flappy-bird.html     ,gravity_multiplier                                ,full_file_generation ,             146 ,316672.917842865    ,            0 ,        7903 ,2025-08-17T02:23:36.283504 ,True       ,         1
benchmark    ,claude-opus-4     ,/Users/dhruvbhatia/CODE/misc/morph/coding-agent-bench/corpus/QueryExecution.scala ,qe_introduce_withPhase_helper                     ,full_file_generation ,               0 ,330802.7091026306   ,            0 ,        8238 ,2025-08-17T02:24:03.423579 ,True       ,         1
benchmark    ,claude-opus-4     ,/Users/dhruvbhatia/CODE/misc/morph/coding-agent-bench/corpus/visualizer.cc        ,toggle_two_attractors                             ,full_file_generation ,               0 ,194119.96006965637  ,            0 ,        6042 ,2025-08-17T02:26:15.725710 ,True       ,         1
benchmark    ,claude-opus-4     ,/Users/dhruvbhatia/CODE/misc/morph/coding-agent-bench/corpus/flappy-bird.html     ,cyberpunk_theme                                   ,full_file_generation ,              62 ,240573.34113121033  ,            0 ,        7899 ,2025-08-17T02:27:39.452104 ,True       ,         1
